code,group,sub_group,parent,type,name,url,provider,available,quantity,performance,hours_day,uom_id,price,day_price
2.1,,,,1,DESMONTAJE Y ADECUACION DE SISTEMAS DE BOMBEO DE MIEL 3ERA,,,,,,,,,
2.1.1,,,2.1,2,DESMONTAJE DE ESTRUCTURA SITUADA EN LA PARTE SUPERIOR DEL TANQUE DE MIEL TERCERA.,,,,207,405,8,KG,,
011550,,,2.1.1,3,CILINDRO DE OXIGENO OXIROGA (CIL),,,3.3816425120773E-03,3.3816425120773E-03,,,CIL,37.2873,
001298,,,2.1.1,3,DISCO DE CORTE 7 PLG EXTRAFINO  ACERO,,,9.6618357487923E-03,9.6618357487923E-03,,,Pza,1.6496,
001714,,,2.1.1,3,GAS PROPANO (RECARGA),,,2.17391304347826E-02,2.17391304347826E-02,,,kg,0.5,
014435,,,2.1.1,3,MECATE DE 5/8 MATERIAL POLIPROPILENO (PRESENTACION EN M,,,4.83091787439614E-02,4.83091787439614E-02,,,m,0.85,
001532,,,2.1.1,4,FABRICADOR 1RA,,,1,1.97530864197531E-02,,,Horas,1.6425,13.14
000307,,,2.1.1,4,AYUDANTE,,,2,3.95061728395062E-02,,,Horas,1.19125,9.53
003014,,,2.1.1,4,SUPERVISOR DE SEGURIDAD,,,0.25,4.93827160493827E-03,,,Horas,2.49625,19.97
000767,,,2.1.1,4,CAPATAZ,,,1,1.97530864197531E-02,,,Horas,2.2075,17.66
004570,,,2.1.1,5,EXTENSION ELECTRICA-ESTANDAR,,,1,1.97530864197531E-02,,,Horas,0.17125,1.37
004731,,,2.1.1,5,MANDARRIA 2KG,,,1,1.97530864197531E-02,,,Horas,0.03125,0.25
004651,,,2.1.1,5,SEÑORITA-CADENA 2TON,,,1,1.97530864197531E-02,,,Horas,0.425,3.4
004557,,,2.1.1,5,EQUIPO DE OXICORTE-HARRIS / VICTOR,,,1,1.97530864197531E-02,,,Horas,0.995,7.96
004562,,,2.1.1,5,ESMERIL 7´´-VARIOS,,,1,1.97530864197531E-02,,,Horas,0.51125,4.09
2.1.2,,,2.1,2,"REMOCION DEL TANQUE DE MIEL TERCERA FABRICADO EN LAMINA DE ACERO AL CARBONO DE 1/4"" DE ESPESOR.",,,,620,620,8,KG,,
011550,,,2.1.2,3,CILINDRO DE OXIGENO OXIROGA (CIL),,,1.6129032258065E-03,1.6129032258065E-03,,,CIL,37.2873,
001298,,,2.1.2,3,DISCO DE CORTE 7 PLG EXTRAFINO  ACERO,,,3.2258064516129E-03,3.2258064516129E-03,,,Pza,1.6496,
001329,,,2.1.2,3,DISCO DESBASTE DIAMETRO 7 PULGADAS METAL,,,4.8387096774194E-03,4.8387096774194E-03,,,Pza,3.4724,
001353,,,2.1.2,3,ELECTRODO E 6010 ARCO ELECT PARA AC DIAM 1/8 X L 350 MM,,,3.2258064516129E-03,3.2258064516129E-03,,,kg,4.0751,
001714,,,2.1.2,3,GAS PROPANO (RECARGA),,,1.45161290322581E-02,1.45161290322581E-02,,,kg,0.5,
003546,,,2.1.2,3,TRAPOS DE LIMPIEZA ( SACO),,,2.41935483870968E-04,2.41935483870968E-04,,,Saco,35,
001532,,,2.1.2,4,FABRICADOR 1RA,,,1,1.29032258064516E-02,,,Horas,1.6425,13.14
000307,,,2.1.2,4,AYUDANTE,,,3,3.87096774193548E-02,,,Horas,1.19125,9.53
003014,,,2.1.2,4,SUPERVISOR DE SEGURIDAD,,,0.25,3.2258064516129E-03,,,Horas,2.49625,19.97
000767,,,2.1.2,4,CAPATAZ,,,1,1.29032258064516E-02,,,Horas,2.2075,17.66
002998,,,2.1.2,4,SOLDADOR DE 1ERA,,,1,1.29032258064516E-02,,,Horas,1.56875,12.55
004570,,,2.1.2,5,EXTENSION ELECTRICA-ESTANDAR,,,1,1.29032258064516E-02,,,Horas,0.17125,1.37
008030,,,2.1.2,5,GRILLETE DE CARGA 5/8 PULG,,,1,1.29032258064516E-02,,,Horas,0.025,0.2
001817,,,2.1.2,5,ILUMINACION 400W UNIVERSAL,,,1,1.29032258064516E-02,,,Horas,0.125,1
015788,,,2.1.2,5,JUEGO LLAVES COMBINADA COMBO MM/PULG 20PZA,,,1,1.29032258064516E-02,,,Horas,0.125,1
004731,,,2.1.2,5,MANDARRIA 2KG,,,1,1.29032258064516E-02,,,Horas,0.03125,0.25
008135,,,2.1.2,5,SEÑORITA DE CADENA 1 1/2 TON,,,1,1.29032258064516E-02,,,Horas,0.3125,2.5
007981,,,2.1.2,5,CARRETILLA DE 2 RUEDAS (CARRUCHA),,,1,1.29032258064516E-02,,,Horas,0.325,2.6
004653,,,2.1.2,5,SEÑORITA-RATCHET 1.1/2TON,,,1,1.29032258064516E-02,,,Horas,0.2825,2.26
004602,,,2.1.2,5,SOLDADORA ELECTRICA-CD/DC 250,,,0.25,3.2258064516129E-03,,,Horas,5.125,41
004557,,,2.1.2,5,EQUIPO DE OXICORTE-HARRIS / VICTOR,,,1,1.29032258064516E-02,,,Horas,0.995,7.96
014309,,,2.1.2,5,ESLINGA DE CARGA 3.5'' X 3MTS OJAL-OJAL,,,1,1.29032258064516E-02,,,Horas,0.25,2
004562,,,2.1.2,5,ESMERIL 7´´-VARIOS,,,1,1.29032258064516E-02,,,Horas,0.51125,4.09
2.1.3,,,2.1,2,"CORTE DE TUBERIA DE NPS 4"" Y 6"" COMUNICACIÓN ENTRE TANQUE DE MIEL TERCERA Y TANQUE DE MIEL SEGUNDA. ",,,,2,6,8,PZA,,
011550,,,2.1.3,3,CILINDRO DE OXIGENO OXIROGA (CIL),,,0.5,0.5,,,CIL,37.2873,
001298,,,2.1.3,3,DISCO DE CORTE 7 PLG EXTRAFINO  ACERO,,,1,1,,,Pza,1.6496,
001329,,,2.1.3,3,DISCO DESBASTE DIAMETRO 7 PULGADAS METAL,,,1,1,,,Pza,3.4724,
001714,,,2.1.3,3,GAS PROPANO (RECARGA),,,2.25,2.25,,,kg,0.5,
003546,,,2.1.3,3,TRAPOS DE LIMPIEZA ( SACO),,,0.075,0.075,,,Saco,35,
000307,,,2.1.3,4,AYUDANTE,,,2,2.66666666666667,,,Horas,1.19125,9.53
003014,,,2.1.3,4,SUPERVISOR DE SEGURIDAD,,,0.25,0.333333333333333,,,Horas,2.49625,19.97
000767,,,2.1.3,4,CAPATAZ,,,1,1.33333333333333,,,Horas,2.2075,17.66
002217,,,2.1.3,4,MECANICO 1RA,,,1,1.33333333333333,,,Horas,1.6425,13.14
2.1.4,,,2.1,2,"DESMONTAJE, MODIFICACION Y REUBICACION DE TUBERIA DE NPS 6"" Y VALVULA ANEXA. INCLUYE S/T/I DE 01 VALVULA SWING CHECK DE NPS 6"" EN ACERO AL CARBONO Y 02 VALVULAS DE COMPUERTA RATING 150 LBS EN ACERO AL CARBONO, CON TORNILLERIA Y EMPACADURA.",,,,3,3,8,ML,,
001298,,,2.1.4,3,DISCO DE CORTE 7 PLG EXTRAFINO  ACERO,,,0.66666666,0.66666666,,,Pza,1.6496,
001329,,,2.1.4,3,DISCO DESBASTE DIAMETRO 7 PULGADAS METAL,,,0.33333333,0.33333333,,,Pza,3.4724,
001353,,,2.1.4,3,ELECTRODO E 6010 ARCO ELECT PARA AC DIAM 1/8 X L 350 MM,,,1.66666666666667,1.66666666666667,,,kg,4.0751,
001358,,,2.1.4,3,ELECTRODO E 7018 ARCO ELEC PARA AC DIAM 1/8 X L 350 MM ,,,1.66666666666667,1.66666666666667,,,kg,4.0267,
011582,,,2.1.4,3,"EMPACADURA ESPIROMETALICA 6"" RATING 150 PSI ARO METALIC",,,2,2,,,Pza,65,
001692,,,2.1.4,3,FORMULA MECANICA SQ 70-6  ACEITE PENETRANTE,,,0.333333333,0.333333333,,,Lata,5.6686,
003432,,,2.1.4,3,TORNILLO H/N HEX 3/4 X 4 PLG G-5,,,13.3333333333333,13.3333333333333,,,Pza,1.29,
014942,,,2.1.4,3,"TUBERIA AC SC D NOMI 6"" SCH 40 LONG 5,8 M A-53",,,0.166666666666667,0.166666666666667,,,Pza,633,
003755,,,2.1.4,3,"TUERCA ASTM A-194 GR 2H 3/4""",,,13.3333333333333,13.3333333333333,,,Pza,1,
014428,,,2.1.4,3,"VALVULA CHECK BRONCE 6"" EXTREMOS ROSCADOS NPT",,,0.3333333,0.3333333,,,Pza,350,
015590,,,2.1.4,3,"VALVULA TIPO COMPUERTA 6"" RATING 150 PSI CUERPO EN ACER",,,0.66666666,0.66666666,,,Pza,1120,
000529,,,2.1.4,3,"BRIDA SLIP ON 6"" ASTM A-105 RATING #150",,,0.6666666,0.6666666,,,Pza,63,
001532,,,2.1.4,4,FABRICADOR 1RA,,,1,2.66666666666667,,,Horas,1.6425,13.14
000307,,,2.1.4,4,AYUDANTE,,,2,5.33333333333333,,,Horas,1.19125,9.53
003014,,,2.1.4,4,SUPERVISOR DE SEGURIDAD,,,0.25,0.666666666666667,,,Horas,2.49625,19.97
000767,,,2.1.4,4,CAPATAZ,,,1,2.66666666666667,,,Horas,2.2075,17.66
002998,,,2.1.4,4,SOLDADOR DE 1ERA,,,1,2.66666666666667,,,Horas,1.56875,12.55
002217,,,2.1.4,4,MECANICO 1RA,,,1,2.66666666666667,,,Horas,1.6425,13.14
004570,,,2.1.4,5,EXTENSION ELECTRICA-ESTANDAR,,,1,2.66666666666667,,,Horas,0.17125,1.37
008265,,,2.1.4,5,JUEGO DE DADOS CUD 3/4 PULG 23 PZA,,,1,2.66666666666667,,,Horas,0.25,2
015788,,,2.1.4,5,JUEGO LLAVES COMBINADA COMBO MM/PULG 20PZA,,,1,2.66666666666667,,,Horas,0.125,1
004759,,,2.1.4,5,JUEGO LLAVES DE GOLPE,,,1,2.66666666666667,,,Horas,0.09125,0.73
004736,,,2.1.4,5,CARRETILLA DE ALBAÑILERIA,,,1,2.66666666666667,,,Horas,0.15625,1.25
004658,,,2.1.4,5,SOLDADORA ELECTRICA-450 DC,,,0.25,0.666666666666667,,,Horas,5.125,41
004757,,,2.1.4,5,CUERPO DE ANDAMIO,,,1,2.66666666666667,,,Horas,0.1875,1.5
004562,,,2.1.4,5,ESMERIL 7´´-VARIOS,,,1,2.66666666666667,,,Horas,0.51125,4.09
2.1.5,,,2.1,2,"DESMONTAR 01 VALVULA TIPO MARIPOSA MANUAL DE NPS 3"" Y 1 VALVULA TIPO MARIPOSA MANUAL DE NPS 4"". INCLUYE 2,5 MTS DE TUBERIA DE NPS 4"" Y 2,5 MTS DE TUBERIA DE NPS 3"".",,,,2,3,8,PZA,,
000834,,,2.1.5,3,CEPILLO DE ALAMBRE TIPO COPA PARA ESMERIL DIAM 7 PLG PA,,,0.5,0.5,,,Pza,9.5909,
011550,,,2.1.5,3,CILINDRO DE OXIGENO OXIROGA (CIL),,,0.25,0.25,,,CIL,37.2873,
001298,,,2.1.5,3,DISCO DE CORTE 7 PLG EXTRAFINO  ACERO,,,1,1,,,Pza,1.6496,
001329,,,2.1.5,3,DISCO DESBASTE DIAMETRO 7 PULGADAS METAL,,,0.5,0.5,,,Pza,3.4724,
001353,,,2.1.5,3,ELECTRODO E 6010 ARCO ELECT PARA AC DIAM 1/8 X L 350 MM,,,1.5,1.5,,,kg,4.0751,
001692,,,2.1.5,3,FORMULA MECANICA SQ 70-6  ACEITE PENETRANTE,,,0.5,0.5,,,Lata,5.6686,
001714,,,2.1.5,3,GAS PROPANO (RECARGA),,,2.25,2.25,,,kg,0.5,
001532,,,2.1.5,4,FABRICADOR 1RA,,,1,2.66666666666667,,,Horas,1.6425,13.14
000307,,,2.1.5,4,AYUDANTE,,,2,5.33333333333333,,,Horas,1.19125,9.53
003014,,,2.1.5,4,SUPERVISOR DE SEGURIDAD,,,0.25,0.666666666666667,,,Horas,2.49625,19.97
000767,,,2.1.5,4,CAPATAZ,,,1,2.66666666666667,,,Horas,2.2075,17.66
002217,,,2.1.5,4,MECANICO 1RA,,,1,2.66666666666667,,,Horas,1.6425,13.14
004570,,,2.1.5,5,EXTENSION ELECTRICA-ESTANDAR,,,1,2.66666666666667,,,Horas,0.17125,1.37
008265,,,2.1.5,5,JUEGO DE DADOS CUD 3/4 PULG 23 PZA,,,1,2.66666666666667,,,Horas,0.25,2
015788,,,2.1.5,5,JUEGO LLAVES COMBINADA COMBO MM/PULG 20PZA,,,1,2.66666666666667,,,Horas,0.125,1
013361,,,2.1.5,5,"LLAVE DE GOLPE 2""",,,1,2.66666666666667,,,Horas,0.09125,0.73
004602,,,2.1.5,5,SOLDADORA ELECTRICA-CD/DC 250,,,0.25,0.666666666666667,,,Horas,5.125,41
004557,,,2.1.5,5,EQUIPO DE OXICORTE-HARRIS / VICTOR,,,1,2.66666666666667,,,Horas,0.995,7.96
004562,,,2.1.5,5,ESMERIL 7´´-VARIOS,,,1,2.66666666666667,,,Horas,0.51125,4.09
2.1.6,,,2.1,2,"AMPLIACION DEL TANQUE DE MIEL TERCERA. S/T/I DE LAMINA DE ACERO AL CARBONO ASTM A-36 ESPESOR 1/4"". MEDIDAS SEGÚN PLANO SUMINISTRADO POR CEPSA.",,,,457,188.888,8,KG,,
011550,,,2.1.6,3,CILINDRO DE OXIGENO OXIROGA (CIL),,,2.1881838074398E-03,2.1881838074398E-03,,,CIL,37.2873,
001298,,,2.1.6,3,DISCO DE CORTE 7 PLG EXTRAFINO  ACERO,,,1.09409190371991E-02,1.09409190371991E-02,,,Pza,1.6496,
001329,,,2.1.6,3,DISCO DESBASTE DIAMETRO 7 PULGADAS METAL,,,6.5645514223195E-03,6.5645514223195E-03,,,Pza,3.4724,
001353,,,2.1.6,3,ELECTRODO E 6010 ARCO ELECT PARA AC DIAM 1/8 X L 350 MM,,,2.18818380743982E-02,2.18818380743982E-02,,,kg,4.0751,
001358,,,2.1.6,3,ELECTRODO E 7018 ARCO ELEC PARA AC DIAM 1/8 X L 350 MM ,,,2.18818380743982E-02,2.18818380743982E-02,,,kg,4.0267,
001714,,,2.1.6,3,GAS PROPANO (RECARGA),,,1.96936542669584E-02,1.96936542669584E-02,,,kg,0.5,
001938,,,2.1.6,3,"LAMINA AC RECTANGULAR ANCHO 1,2 M ESP 6 MM LONG 2,4 M A",,,7.6586433260394E-03,7.6586433260394E-03,,,Pza,230,
001532,,,2.1.6,4,FABRICADOR 1RA,,,1,4.23531403758828E-02,,,Horas,1.6425,13.14
000307,,,2.1.6,4,AYUDANTE,,,2,8.47062807517657E-02,,,Horas,1.19125,9.53
003014,,,2.1.6,4,SUPERVISOR DE SEGURIDAD,,,0.25,1.05882850939707E-02,,,Horas,2.49625,19.97
000767,,,2.1.6,4,CAPATAZ,,,1,4.23531403758828E-02,,,Horas,2.2075,17.66
002998,,,2.1.6,4,SOLDADOR DE 1ERA,,,1,4.23531403758828E-02,,,Horas,1.56875,12.55
004570,,,2.1.6,5,EXTENSION ELECTRICA-ESTANDAR,,,1,4.23531403758828E-02,,,Horas,0.17125,1.37
004746,,,2.1.6,5,KIT DE HERRAMIENTAS MENORES,,,1,4.23531403758828E-02,,,Horas,0.2625,2.1
007981,,,2.1.6,5,CARRETILLA DE 2 RUEDAS (CARRUCHA),,,1,4.23531403758828E-02,,,Horas,0.325,2.6
004602,,,2.1.6,5,SOLDADORA ELECTRICA-CD/DC 250,,,0.5,2.11765701879414E-02,,,Horas,5.125,41
004557,,,2.1.6,5,EQUIPO DE OXICORTE-HARRIS / VICTOR,,,1,4.23531403758828E-02,,,Horas,0.995,7.96
004562,,,2.1.6,5,ESMERIL 7´´-VARIOS,,,1,4.23531403758828E-02,,,Horas,0.51125,4.09
2.1.7,,,2.1,2,"S/T/I DE ANGULOS 50X50X5 EN ACERO AL CARBONO, COMO REFUERZOS EN TODO EL PERIMETRO DEL TANQUE. INCLUYE S/T/A DE FONDO ANTICORROSIVO Y PINTURA ESMALTE COLOR MARRON ENCINO.",,,,9.6,12,8,ML,,
011550,,,2.1.7,3,CILINDRO DE OXIGENO OXIROGA (CIL),,,5.20833333333333E-02,5.20833333333333E-02,,,CIL,37.2873,
001298,,,2.1.7,3,DISCO DE CORTE 7 PLG EXTRAFINO  ACERO,,,0.3125,0.3125,,,Pza,1.6496,
001329,,,2.1.7,3,DISCO DESBASTE DIAMETRO 7 PULGADAS METAL,,,0.104166666666667,0.104166666666667,,,Pza,3.4724,
000151,,,2.1.7,3,ANGULO AC SECCION L  ALTURA 50 MM ESP 5 MM LONG 6 M MAT,,,0.208333333333333,0.208333333333333,,,Pza,50,
001358,,,2.1.7,3,ELECTRODO E 7018 ARCO ELEC PARA AC DIAM 1/8 X L 350 MM ,,,0.3125,0.3125,,,kg,4.0267,
001681,,,2.1.7,3,FONDO ANTICORROSIVO GRIS,,,2.60416666666667E-02,2.60416666666667E-02,,,galon,39.9432,
001714,,,2.1.7,3,GAS PROPANO (RECARGA),,,0.46875,0.46875,,,kg,0.5,
013916,,,2.1.7,3,PINTURA ESMALTE ALQUIDICO COLOR MARRON TIERRA RAL 8028,,,5.20833333333333E-02,5.20833333333333E-02,,,galon,57.75,
003197,,,2.1.7,3,THINNER ACRILICO,,,5.20833333333333E-02,5.20833333333333E-02,,,galon,11.9233,
000546,,,2.1.7,3,"BROCHA 4"" MATERIAL MANGO PLASTICO CERDA NATURAL",,,0.208333333333333,0.208333333333333,,,Pza,1.9799,
001532,,,2.1.7,4,FABRICADOR 1RA,,,1,0.666666666666667,,,Horas,1.6425,13.14
000307,,,2.1.7,4,AYUDANTE,,,2,1.33333333333333,,,Horas,1.19125,9.53
003014,,,2.1.7,4,SUPERVISOR DE SEGURIDAD,,,0.25,0.166666666666667,,,Horas,2.49625,19.97
000767,,,2.1.7,4,CAPATAZ,,,1,0.666666666666667,,,Horas,2.2075,17.66
002998,,,2.1.7,4,SOLDADOR DE 1ERA,,,1,0.666666666666667,,,Horas,1.56875,12.55
004570,,,2.1.7,5,EXTENSION ELECTRICA-ESTANDAR,,,1,0.666666666666667,,,Horas,0.17125,1.37
004746,,,2.1.7,5,KIT DE HERRAMIENTAS MENORES,,,1,0.666666666666667,,,Horas,0.2625,2.1
007981,,,2.1.7,5,CARRETILLA DE 2 RUEDAS (CARRUCHA),,,1,0.666666666666667,,,Horas,0.325,2.6
004602,,,2.1.7,5,SOLDADORA ELECTRICA-CD/DC 250,,,0.5,0.333333333333333,,,Horas,5.125,41
004552,,,2.1.7,5,COMPRESOR DE AIRE- ELECTRICO,,,0.25,0.166666666666667,,,Horas,0.75,6
004557,,,2.1.7,5,EQUIPO DE OXICORTE-HARRIS / VICTOR,,,1,0.666666666666667,,,Horas,0.995,7.96
004558,,,2.1.7,5,EQUIPO DE PINTURA ESTÁNDAR BAJA-PISTOLA DE CARGA POR SU,,,0.25,0.166666666666667,,,Horas,2,16
004562,,,2.1.7,5,ESMERIL 7´´-VARIOS,,,1,0.666666666666667,,,Horas,0.51125,4.09
2.1.8,,,2.1,2,"CORTE DE LAMINA DEL LADO OPUESTO EN LA SUCCION DE LAS BOMBAS, SEGÚN PLANO SUMINISTRADO POR CEPSA.",,,,158,316,8,KG,,
011550,,,2.1.8,3,CILINDRO DE OXIGENO OXIROGA (CIL),,,3.1645569620253E-03,3.1645569620253E-03,,,CIL,37.2873,
001298,,,2.1.8,3,DISCO DE CORTE 7 PLG EXTRAFINO  ACERO,,,1.89873417721519E-02,1.89873417721519E-02,,,Pza,1.6496,
001329,,,2.1.8,3,DISCO DESBASTE DIAMETRO 7 PULGADAS METAL,,,6.3291139240506E-03,6.3291139240506E-03,,,Pza,3.4724,
001714,,,2.1.8,3,GAS PROPANO (RECARGA),,,2.84810126582278E-02,2.84810126582278E-02,,,kg,0.5,
001532,,,2.1.8,4,FABRICADOR 1RA,,,1,2.53164556962025E-02,,,Horas,1.6425,13.14
000307,,,2.1.8,4,AYUDANTE,,,2,5.06329113924051E-02,,,Horas,1.19125,9.53
003014,,,2.1.8,4,SUPERVISOR DE SEGURIDAD,,,0.25,6.32911392405063E-03,,,Horas,2.49625,19.97
000767,,,2.1.8,4,CAPATAZ,,,1,2.53164556962025E-02,,,Horas,2.2075,17.66
004570,,,2.1.8,5,EXTENSION ELECTRICA-ESTANDAR,,,1,2.53164556962025E-02,,,Horas,0.17125,1.37
004729,,,2.1.8,5,FORMALETAS PARA ANDAMIO,,,1,2.53164556962025E-02,,,Horas,0.0625,0.5
004746,,,2.1.8,5,KIT DE HERRAMIENTAS MENORES,,,1,2.53164556962025E-02,,,Horas,0.2625,2.1
004757,,,2.1.8,5,CUERPO DE ANDAMIO,,,1,2.53164556962025E-02,,,Horas,0.1875,1.5
004557,,,2.1.8,5,EQUIPO DE OXICORTE-HARRIS / VICTOR,,,1,2.53164556962025E-02,,,Horas,0.995,7.96
004562,,,2.1.8,5,ESMERIL 7´´-VARIOS,,,1,2.53164556962025E-02,,,Horas,0.51125,4.09
2.1.9,,,2.1,2,"S/T/I DE ESTRUCTURA DE SOPORTE DEL TANQUE DE MIEL TERCERA, CONSTRUIDA EN VIGAS IPN 160 EN ACERO AL CARBONO, SEGÚN PLANO SUMINISTRADO POR CEPSA. INCLUYE S/T/A DE FONDO ANTICORROSIVO Y PINTURA ESMALTE COLOR VERDE PALMAR A LA SUPERFICIE DE LAS VIGAS.",,,,352,140.8,8,KG,,
011550,,,2.1.9,3,CILINDRO DE OXIGENO OXIROGA (CIL),,,2.8409090909091E-03,2.8409090909091E-03,,,CIL,37.2873,
001298,,,2.1.9,3,DISCO DE CORTE 7 PLG EXTRAFINO  ACERO,,,1.42045454545455E-02,1.42045454545455E-02,,,Pza,1.6496,
001329,,,2.1.9,3,DISCO DESBASTE DIAMETRO 7 PULGADAS METAL,,,8.5227272727273E-03,8.5227272727273E-03,,,Pza,3.4724,
001358,,,2.1.9,3,ELECTRODO E 7018 ARCO ELEC PARA AC DIAM 1/8 X L 350 MM ,,,2.27272727272727E-02,2.27272727272727E-02,,,kg,4.0267,
001681,,,2.1.9,3,FONDO ANTICORROSIVO GRIS,,,7.10227272727273E-04,7.10227272727273E-04,,,galon,39.9432,
001714,,,2.1.9,3,GAS PROPANO (RECARGA),,,1.27840909090909E-02,1.27840909090909E-02,,,kg,0.5,
013916,,,2.1.9,3,PINTURA ESMALTE ALQUIDICO COLOR MARRON TIERRA RAL 8028,,,1.4204545454545E-03,1.4204545454545E-03,,,galon,57.75,
003197,,,2.1.9,3,THINNER ACRILICO,,,1.4204545454545E-03,1.4204545454545E-03,,,galon,11.9233,
003989,,,2.1.9,3,VIGA AC SECCION IPN ALT 160 MM ALA 74 MM LONG 12 M MATE,,,4.2613636363636E-03,4.2613636363636E-03,,,Pza,330,
000546,,,2.1.9,3,"BROCHA 4"" MATERIAL MANGO PLASTICO CERDA NATURAL",,,5.6818181818182E-03,5.6818181818182E-03,,,Pza,1.9799,
001532,,,2.1.9,4,FABRICADOR 1RA,,,1,5.68181805866809E-02,,,Horas,1.6425,13.14
000307,,,2.1.9,4,AYUDANTE,,,2,0.113636361173362,,,Horas,1.19125,9.53
003014,,,2.1.9,4,SUPERVISOR DE SEGURIDAD,,,0.25,1.42045451466702E-02,,,Horas,2.49625,19.97
000767,,,2.1.9,4,CAPATAZ,,,1,5.68181805866809E-02,,,Horas,2.2075,17.66
002998,,,2.1.9,4,SOLDADOR DE 1ERA,,,1,5.68181805866809E-02,,,Horas,1.56875,12.55
004570,,,2.1.9,5,EXTENSION ELECTRICA-ESTANDAR,,,1,5.68181805866809E-02,,,Horas,0.17125,1.37
004746,,,2.1.9,5,KIT DE HERRAMIENTAS MENORES,,,1,5.68181805866809E-02,,,Horas,0.2625,2.1
004731,,,2.1.9,5,MANDARRIA 2KG,,,1,5.68181805866809E-02,,,Horas,0.03125,0.25
008135,,,2.1.9,5,SEÑORITA DE CADENA 1 1/2 TON,,,1,5.68181805866809E-02,,,Horas,0.3125,2.5
004653,,,2.1.9,5,SEÑORITA-RATCHET 1.1/2TON,,,1,5.68181805866809E-02,,,Horas,0.2825,2.26
004602,,,2.1.9,5,SOLDADORA ELECTRICA-CD/DC 250,,,0.25,1.42045451466702E-02,,,Horas,5.125,41
004552,,,2.1.9,5,COMPRESOR DE AIRE- ELECTRICO,,,0.25,1.42045451466702E-02,,,Horas,0.75,6
004557,,,2.1.9,5,EQUIPO DE OXICORTE-HARRIS / VICTOR,,,1,5.68181805866809E-02,,,Horas,0.995,7.96
004558,,,2.1.9,5,EQUIPO DE PINTURA ESTÁNDAR BAJA-PISTOLA DE CARGA POR SU,,,0.25,1.42045451466702E-02,,,Horas,2,16
004562,,,2.1.9,5,ESMERIL 7´´-VARIOS,,,1,5.68181805866809E-02,,,Horas,0.51125,4.09
2.1.10,,,2.1,2,"S/T/I DE TUBERIA DE NPS 8""  SHC 40 EN ACERO AL CARBONO PARA SUCCION DE BOMBAS DESDE EL TANQUE AL CABEZAL, SEGÚN PLANOS SUMINISTRADOS POR CEPSA. INCLUYE S/T/I DE 03 VALVULAS DE COMPUERTA RATING 150 LB EN ACERO AL CARBONO, TORNILLERIA, EMPACADURAS, BRIDAS S",,,,6,1.5,8,ML,,
011550,,,2.1.10,3,CILINDRO DE OXIGENO OXIROGA (CIL),,,0.166666666666667,0.166666666666667,,,CIL,37.2873,
001298,,,2.1.10,3,DISCO DE CORTE 7 PLG EXTRAFINO  ACERO,,,0.833333333333333,0.833333333333333,,,Pza,1.6496,
001329,,,2.1.10,3,DISCO DESBASTE DIAMETRO 7 PULGADAS METAL,,,0.5,0.5,,,Pza,3.4724,
001358,,,2.1.10,3,ELECTRODO E 7018 ARCO ELEC PARA AC DIAM 1/8 X L 350 MM ,,,1.33333333333333,1.33333333333333,,,kg,4.0267,
001681,,,2.1.10,3,FONDO ANTICORROSIVO GRIS,,,0.083333,0.083333,,,galon,39.9432,
001714,,,2.1.10,3,GAS PROPANO (RECARGA),,,0.75,0.75,,,kg,0.5,
013916,,,2.1.10,3,PINTURA ESMALTE ALQUIDICO COLOR MARRON TIERRA RAL 8028,,,0.166666666666667,0.166666666666667,,,galon,57.75,
003197,,,2.1.10,3,THINNER ACRILICO,,,0.166666666666667,0.166666666666667,,,galon,11.9233,
003432,,,2.1.10,3,TORNILLO H/N HEX 3/4 X 4 PLG G-5,,,8,8,,,Pza,1.29,
003546,,,2.1.10,3,TRAPOS DE LIMPIEZA ( SACO),,,0.166666666666667,0.166666666666667,,,Saco,35,
003587,,,2.1.10,3,"TUBERIA AI SC D NOMI 8"" ESP 0,322 LONG 5,8 M AISI 304",,,0.166666666666667,0.166666666666667,,,Pza,990,
003755,,,2.1.10,3,"TUERCA ASTM A-194 GR 2H 3/4""",,,8,8,,,Pza,1,
016425,,,2.1.10,3,"EMPACADURA ESPIROMETALICA 8"" RATING 150 PSI ARO METALIC",,,1,1,,,Pza,80,
004037,,,2.1.10,3,"VALVULA TIPO COMPUERTA 8"" RATING 150 PSI CUERPO EN ACER",,,0.5,0.5,,,Pza,1820,
004037,,,2.1.10,3,"BRIDA CIEGA 8"" ACERO AL CARBONO ASTM-A 105 FF 150 PSI",,,0.5,0.5,,,Pza,200,
001056,,,2.1.10,3,CODO 90º RC AC BW 8 PLG SCH 40 MATERIAL WPB A 234,,,0.5,0.5,,,Pza,145.11,
000533,,,2.1.10,3,BRIDA SLIP ON ASTM-A 105/150 8 PLG (Pza),,,1,1,,,Unidades,130,
000546,,,2.1.10,3,"BROCHA 4"" MATERIAL MANGO PLASTICO CERDA NATURAL",,,0.333333333333333,0.333333333333333,,,Pza,1.9799,
001532,,,2.1.10,4,FABRICADOR 1RA,,,1,5.33333333333333,,,Horas,1.6425,13.14
000307,,,2.1.10,4,AYUDANTE,,,3,16,,,Horas,1.19125,9.53
003014,,,2.1.10,4,SUPERVISOR DE SEGURIDAD,,,0.25,1.33333333333333,,,Horas,2.49625,19.97
000767,,,2.1.10,4,CAPATAZ,,,1,5.33333333333333,,,Horas,2.2075,17.66
002998,,,2.1.10,4,SOLDADOR DE 1ERA,,,1,5.33333333333333,,,Horas,1.56875,12.55
002217,,,2.1.10,4,MECANICO 1RA,,,1,5.33333333333333,,,Horas,1.6425,13.14
004570,,,2.1.10,5,EXTENSION ELECTRICA-ESTANDAR,,,1,5.33333333333333,,,Horas,0.17125,1.37
004729,,,2.1.10,5,FORMALETAS PARA ANDAMIO,,,1,5.33333333333333,,,Horas,0.0625,0.5
004746,,,2.1.10,5,KIT DE HERRAMIENTAS MENORES,,,1,5.33333333333333,,,Horas,0.2625,2.1
004731,,,2.1.10,5,MANDARRIA 2KG,,,1,5.33333333333333,,,Horas,0.03125,0.25
007981,,,2.1.10,5,CARRETILLA DE 2 RUEDAS (CARRUCHA),,,1,5.33333333333333,,,Horas,0.325,2.6
004658,,,2.1.10,5,SOLDADORA ELECTRICA-450 DC,,,0.25,1.33333333333333,,,Horas,5.125,41
004757,,,2.1.10,5,CUERPO DE ANDAMIO,,,1,5.33333333333333,,,Horas,0.1875,1.5
004557,,,2.1.10,5,EQUIPO DE OXICORTE-HARRIS / VICTOR,,,1,5.33333333333333,,,Horas,0.995,7.96
004562,,,2.1.10,5,ESMERIL 7´´-VARIOS,,,1,5.33333333333333,,,Horas,0.51125,4.09
2.1.11,,,2.1,2,"REUBICACION DEL TANQUE DE MIEL TERCERA. INCLUYE CONEXIONES DE NPS 4"" Y 6"" CON EL TANQUE DE MIEL SEGUNDA.",,,,915,457.5,8,KG,,
011550,,,2.1.11,3,CILINDRO DE OXIGENO OXIROGA (CIL),,,2.1881838074398E-03,2.1881838074398E-03,,,CIL,37.2873,
001298,,,2.1.11,3,DISCO DE CORTE 7 PLG EXTRAFINO  ACERO,,,1.09409190371991E-02,1.09409190371991E-02,,,Pza,1.6496,
001329,,,2.1.11,3,DISCO DESBASTE DIAMETRO 7 PULGADAS METAL,,,6.5645514223195E-03,6.5645514223195E-03,,,Pza,3.4724,
001353,,,2.1.11,3,ELECTRODO E 6010 ARCO ELECT PARA AC DIAM 1/8 X L 350 MM,,,2.18818380743982E-02,2.18818380743982E-02,,,kg,4.0751,
001358,,,2.1.11,3,ELECTRODO E 7018 ARCO ELEC PARA AC DIAM 1/8 X L 350 MM ,,,2.18818380743982E-02,2.18818380743982E-02,,,kg,4.0267,
001714,,,2.1.11,3,GAS PROPANO (RECARGA),,,1.96936542669584E-02,1.96936542669584E-02,,,kg,0.5,
001938,,,2.1.11,3,"LAMINA AC RECTANGULAR ANCHO 1,2 M ESP 6 MM LONG 2,4 M A",,,7.6586433260394E-03,7.6586433260394E-03,,,Pza,230,
001532,,,2.1.11,4,FABRICADOR 1RA,,,1,1.74863387978142E-02,,,Horas,1.6425,13.14
000307,,,2.1.11,4,AYUDANTE,,,2,3.49726775956284E-02,,,Horas,1.19125,9.53
003014,,,2.1.11,4,SUPERVISOR DE SEGURIDAD,,,0.25,4.37158469945355E-03,,,Horas,2.49625,19.97
000767,,,2.1.11,4,CAPATAZ,,,1,1.74863387978142E-02,,,Horas,2.2075,17.66
002998,,,2.1.11,4,SOLDADOR DE 1ERA,,,1,1.74863387978142E-02,,,Horas,1.56875,12.55
004570,,,2.1.11,5,EXTENSION ELECTRICA-ESTANDAR,,,1,1.74863387978142E-02,,,Horas,0.17125,1.37
004746,,,2.1.11,5,KIT DE HERRAMIENTAS MENORES,,,1,1.74863387978142E-02,,,Horas,0.2625,2.1
007981,,,2.1.11,5,CARRETILLA DE 2 RUEDAS (CARRUCHA),,,1,1.74863387978142E-02,,,Horas,0.325,2.6
004602,,,2.1.11,5,SOLDADORA ELECTRICA-CD/DC 250,,,0.25,4.37158469945355E-03,,,Horas,5.125,41
004557,,,2.1.11,5,EQUIPO DE OXICORTE-HARRIS / VICTOR,,,1,1.74863387978142E-02,,,Horas,0.995,7.96
004562,,,2.1.11,5,ESMERIL 7´´-VARIOS,,,1,1.74863387978142E-02,,,Horas,0.51125,4.09
2.1.12,,,2.1,2,"INSTALACION DE 2 BOMBAS DE DESPLAZAMIENTO POSITIVO DE TORNILLO HELICOIDAL TIPO ""NEMO"". INCLUYE CHASIS.",,,,2,1,8,PZA,,
011550,,,2.1.12,3,CILINDRO DE OXIGENO OXIROGA (CIL),,,0.25,0.25,,,CIL,37.2873,
001714,,,2.1.12,3,GAS PROPANO (RECARGA),,,2.25,2.25,,,kg,0.5,
014347,,,2.1.12,3,GRASA GRAFITADA NEGRA PARA USO MULTIPLES,,,0.1,0.1,,,kg,1.3,
002065,,,2.1.12,3,"LIJA DE AGUA GRANO 80 MICROFINA 9"" X 11"" MULTIUSO",,,5,5,,,Pliego,0.8607,
000307,,,2.1.12,4,AYUDANTE,,,2,16,,,Horas,1.19125,9.53
003014,,,2.1.12,4,SUPERVISOR DE SEGURIDAD,,,0.25,2,,,Horas,2.49625,19.97
000767,,,2.1.12,4,CAPATAZ,,,1,8,,,Horas,2.2075,17.66
002217,,,2.1.12,4,MECANICO 1RA,,,2,16,,,Horas,1.6425,13.14
004570,,,2.1.12,5,EXTENSION ELECTRICA-ESTANDAR,,,1,8,,,Horas,0.17125,1.37
008265,,,2.1.12,5,JUEGO DE DADOS CUD 3/4 PULG 23 PZA,,,1,8,,,Horas,0.25,2
015788,,,2.1.12,5,JUEGO LLAVES COMBINADA COMBO MM/PULG 20PZA,,,1,8,,,Horas,0.125,1
004746,,,2.1.12,5,KIT DE HERRAMIENTAS MENORES,,,1,8,,,Horas,0.2625,2.1
013361,,,2.1.12,5,"LLAVE DE GOLPE 2""",,,1,8,,,Horas,0.09125,0.73
004736,,,2.1.12,5,CARRETILLA DE ALBAÑILERIA,,,1,8,,,Horas,0.15625,1.25
004557,,,2.1.12,5,EQUIPO DE OXICORTE-HARRIS / VICTOR,,,1,8,,,Horas,0.995,7.96
2.1.13,,,2.1,2,LIMPIEZA MECANICA A LA SUPERFICIE DEL TANQUE POR MEDIO DE HERRAMIENTAS SP2/SP3,,,,26,30,8,M2,,
000834,,,2.1.13,3,CEPILLO DE ALAMBRE TIPO COPA PARA ESMERIL DIAM 7 PLG PA,,,6.57894736842105E-02,6.57894736842105E-02,,,Pza,9.5909,
001317,,,2.1.13,3,DISCO DE LIJA FLAP DIAMETRO 4 1/2 PLG GRANO 120 PARA ES,,,6.57894736842105E-02,6.57894736842105E-02,,,Pza,2,
001320,,,2.1.13,3,"DISCO DE LIJA FLAP DIAMETRO 7"" GRANO 80 PARA ESMERIL",,,6.57894736842105E-02,6.57894736842105E-02,,,Pza,2.9355,
001329,,,2.1.13,3,DISCO DESBASTE DIAMETRO 7 PULGADAS METAL,,,2.63157894736842E-02,2.63157894736842E-02,,,Pza,3.4724,
001457,,,2.1.13,3,ESPATULA,,,2.63157894736842E-02,2.63157894736842E-02,,,Pza,1,
002065,,,2.1.13,3,"LIJA DE AGUA GRANO 80 MICROFINA 9"" X 11"" MULTIUSO",,,0.394736842105263,0.394736842105263,,,Pliego,0.8607,
000307,,,2.1.13,4,AYUDANTE,,,2,0.533333333333333,,,Horas,1.19125,9.53
003014,,,2.1.13,4,SUPERVISOR DE SEGURIDAD,,,0.25,6.66666666666667E-02,,,Horas,2.49625,19.97
000767,,,2.1.13,4,CAPATAZ,,,1,0.266666666666667,,,Horas,2.2075,17.66
004570,,,2.1.13,5,EXTENSION ELECTRICA-ESTANDAR,,,1,0.266666666666667,,,Horas,0.17125,1.37
014232,,,2.1.13,5,"EXTRACTOR DE ORUGA PORTATIL ALTA VELOC 12"" 520W 110V 33",,,1,0.266666666666667,,,Horas,0.625,5
001817,,,2.1.13,5,ILUMINACION 400W UNIVERSAL,,,1,0.266666666666667,,,Horas,0.125,1
004746,,,2.1.13,5,KIT DE HERRAMIENTAS MENORES,,,1,0.266666666666667,,,Horas,0.2625,2.1
004561,,,2.1.13,5,ESMERIL  4.1/2´´-VARIOS,,,1,0.266666666666667,,,Horas,0.34375,2.75
004562,,,2.1.13,5,ESMERIL 7´´-VARIOS,,,1,0.266666666666667,,,Horas,0.51125,4.09
2.1.14,,,2.1,2,S/T/A DE FONDO ANTICORROSIVO Y PINTURA ESMALTE COLOR MARRON ENCINO A LA PARTE EXTERNA DEL TANQUE DE MIEL TERCERA. INCLUYE INDENTIFICACION DEL EQUIPO.,,,,26,20,8,M2,,
001681,,,2.1.14,3,FONDO ANTICORROSIVO GRIS,,,3.57142857142857E-02,3.57142857142857E-02,,,galon,39.9432,
013916,,,2.1.14,3,PINTURA ESMALTE ALQUIDICO COLOR MARRON TIERRA RAL 8028,,,5.35714285714286E-02,5.35714285714286E-02,,,galon,57.75,
003197,,,2.1.14,3,THINNER ACRILICO,,,3.57142857142857E-02,3.57142857142857E-02,,,galon,11.9233,
003220,,,2.1.14,3,"TIRRO DE PAPEL 2""",,,7.14285714285714E-02,7.14285714285714E-02,,,Pza,3.8137,
003546,,,2.1.14,3,TRAPOS DE LIMPIEZA ( SACO),,,1.78571428571429E-02,1.78571428571429E-02,,,Saco,35,
000546,,,2.1.14,3,"BROCHA 4"" MATERIAL MANGO PLASTICO CERDA NATURAL",,,7.14285714285714E-02,7.14285714285714E-02,,,Pza,1.9799,
000307,,,2.1.14,4,AYUDANTE,,,1,0.4,,,Horas,1.19125,9.53
002479,,,2.1.14,4,PINTOR DE 1a,,,1,0.4,,,Horas,1.56875,12.55
003014,,,2.1.14,4,SUPERVISOR DE SEGURIDAD,,,0.25,0.1,,,Horas,2.49625,19.97
000767,,,2.1.14,4,CAPATAZ,,,1,0.4,,,Horas,2.2075,17.66
004570,,,2.1.14,5,EXTENSION ELECTRICA-ESTANDAR,,,1,0.4,,,Horas,0.17125,1.37
004746,,,2.1.14,5,KIT DE HERRAMIENTAS MENORES,,,1,0.4,,,Horas,0.2625,2.1
004552,,,2.1.14,5,COMPRESOR DE AIRE- ELECTRICO,,,1,0.4,,,Horas,0.75,6
004558,,,2.1.14,5,EQUIPO DE PINTURA ESTÁNDAR BAJA-PISTOLA DE CARGA POR SU,,,0.5,0.2,,,Horas,2,16
2.1.15,,,2.1,2,"S/T/I DE TUBERIA DE RETORNO  DE MELAZA DE NPS 4"" SCH 40 EN ACERO AL CARBONO . ",,,,2,6,8,ML,,
011550,,,2.1.15,3,CILINDRO DE OXIGENO OXIROGA (CIL),,,0.25,0.25,,,CIL,37.2873,
001298,,,2.1.15,3,DISCO DE CORTE 7 PLG EXTRAFINO  ACERO,,,2.5,2.5,,,Pza,1.6496,
001329,,,2.1.15,3,DISCO DESBASTE DIAMETRO 7 PULGADAS METAL,,,1,1,,,Pza,3.4724,
001353,,,2.1.15,3,ELECTRODO E 6010 ARCO ELECT PARA AC DIAM 1/8 X L 350 MM,,,2.5,2.5,,,kg,4.0751,
001714,,,2.1.15,3,GAS PROPANO (RECARGA),,,2.25,2.25,,,kg,0.5,
014857,,,2.1.15,3,"TUBERIA AC SC D NOMI 4"" PLG ESP 0,203 PLG SCH 40 LONG 5",,,0.25,0.25,,,Pza,358,
001532,,,2.1.15,4,FABRICADOR 1RA,,,1,1.33333333333333,,,Horas,1.6425,13.14
000307,,,2.1.15,4,AYUDANTE,,,2,2.66666666666667,,,Horas,1.19125,9.53
003014,,,2.1.15,4,SUPERVISOR DE SEGURIDAD,,,0.25,0.333333333333333,,,Horas,2.49625,19.97
000767,,,2.1.15,4,CAPATAZ,,,1,1.33333333333333,,,Horas,2.2075,17.66
002998,,,2.1.15,4,SOLDADOR DE 1ERA,,,1,1.33333333333333,,,Horas,1.56875,12.55
004570,,,2.1.15,5,EXTENSION ELECTRICA-ESTANDAR,,,1,1.33333333333333,,,Horas,0.17125,1.37
004731,,,2.1.15,5,MANDARRIA 2KG,,,1,1.33333333333333,,,Horas,0.03125,0.25
008135,,,2.1.15,5,SEÑORITA DE CADENA 1 1/2 TON,,,1,1.33333333333333,,,Horas,0.3125,2.5
004653,,,2.1.15,5,SEÑORITA-RATCHET 1.1/2TON,,,1,1.33333333333333,,,Horas,0.2825,2.26
004658,,,2.1.15,5,SOLDADORA ELECTRICA-450 DC,,,0.25,0.333333333333333,,,Horas,5.125,41
004557,,,2.1.15,5,EQUIPO DE OXICORTE-HARRIS / VICTOR,,,1,1.33333333333333,,,Horas,0.995,7.96
004562,,,2.1.15,5,ESMERIL 7´´-VARIOS,,,1,1.33333333333333,,,Horas,0.51125,4.09
2.1.16,,,2.1,2,"S/T/I DE  VALVULA DE ALIVIO DE PRESION PILOTADA NPS 4"", RANGO DE AJUSTE ENTRE 120-175 PSI (MODULADO), EN ACERO AL CARBONO, PARA LINEA DE ALIVIO.",,,,1,2,8,PZA,,
001389,,,2.1.16,3,"EMPACADURA ESPIROMETALICA 4""",,,1,1,,,Pza,55,
000263,,,2.1.16,3,"ARANDELA PLANA H/N 3/4""",,,4,4,,,Pza,0.1462,
003432,,,2.1.16,3,TORNILLO H/N HEX 3/4 X 4 PLG G-5,,,4,4,,,Pza,1.29,
003755,,,2.1.16,3,"TUERCA ASTM A-194 GR 2H 3/4""",,,4,4,,,Pza,1,
004037,,,2.1.16,3,"Valvula de alivio pilotada 4"" r 120-175 PSI VYC, TNEHOD",,,1,1,,,UNIDAD,2500,
000307,,,2.1.16,4,AYUDANTE,,,2,8,,,Horas,1.19125,9.53
003014,,,2.1.16,4,SUPERVISOR DE SEGURIDAD,,,0.25,1,,,Horas,2.49625,19.97
000767,,,2.1.16,4,CAPATAZ,,,1,4,,,Horas,2.2075,17.66
002217,,,2.1.16,4,MECANICO 1RA,,,1,4,,,Horas,1.6425,13.14
004729,,,2.1.16,5,FORMALETAS PARA ANDAMIO,,,1,4,,,Horas,0.0625,0.5
008265,,,2.1.16,5,JUEGO DE DADOS CUD 3/4 PULG 23 PZA,,,1,4,,,Horas,0.25,2
004556,,,2.1.16,5,JUEGO DESTORNILLADOR-6PZA,,,1,4,,,Horas,0.13625,1.09
015788,,,2.1.16,5,JUEGO LLAVES COMBINADA COMBO MM/PULG 20PZA,,,1,4,,,Horas,0.125,1
004731,,,2.1.16,5,MANDARRIA 2KG,,,1,4,,,Horas,0.03125,0.25
004757,,,2.1.16,5,CUERPO DE ANDAMIO,,,1,4,,,Horas,0.1875,1.5
2.1.17,,,2.1,2,"S/T/I DE VAVULA DE MARIPOSA TIPO WAFFER NPS 6"", EN LA ENTRADA DE LA ROMANA DE MELAZA. INCLUYE SOLDAR A LA TUBERIA MATRIZ EXISTENTE (INCLUYE S/T/I DE NIPLE Y CODO 90° SCH40 NPS 6"").",,,,1,2,8,PZA,,
000263,,,2.1.17,3,"ARANDELA PLANA H/N 3/4""",,,4,4,,,Pza,0.1462,
002976,,,2.1.17,3,SILICON GRIS PARA ALTA TEMPERATURA,,,2,2,,,Pza,5,
003434,,,2.1.17,3,TORNILLO H/N HEX 3/4 X 5 PLG G-5 UNC,,,4,4,,,Pza,1.498,
003755,,,2.1.17,3,"TUERCA ASTM A-194 GR 2H 3/4""",,,4,4,,,Pza,1,
004037,,,2.1.17,3,"Valvula de mariposa tipo waffer de 6""",,,1,1,,,UNIDAD,280,
000307,,,2.1.17,4,AYUDANTE,,,2,8,,,Horas,1.19125,9.53
003014,,,2.1.17,4,SUPERVISOR DE SEGURIDAD,,,0.25,1,,,Horas,2.49625,19.97
000767,,,2.1.17,4,CAPATAZ,,,1,4,,,Horas,2.2075,17.66
002217,,,2.1.17,4,MECANICO 1RA,,,1,4,,,Horas,1.6425,13.14
004729,,,2.1.17,5,FORMALETAS PARA ANDAMIO,,,1,4,,,Horas,0.0625,0.5
008265,,,2.1.17,5,JUEGO DE DADOS CUD 3/4 PULG 23 PZA,,,1,4,,,Horas,0.25,2
004556,,,2.1.17,5,JUEGO DESTORNILLADOR-6PZA,,,1,4,,,Horas,0.13625,1.09
015788,,,2.1.17,5,JUEGO LLAVES COMBINADA COMBO MM/PULG 20PZA,,,1,4,,,Horas,0.125,1
004731,,,2.1.17,5,MANDARRIA 2KG,,,1,4,,,Horas,0.03125,0.25
004757,,,2.1.17,5,CUERPO DE ANDAMIO,,,1,4,,,Horas,0.1875,1.5
2.2,,,,1,"DESMONTAJE Y ADECUACION DE TANQUERIA, BOMBAS Y TUBERIAS SISTEMA DE BOMBEO DE MELAZA",,,,,,,,,
2.2.1,,,2.2,2,"RETIRO DEL TANQUE DE PULMON EXISTENTE HACIA LA ZONA DE CHATARRA (CEPSA SUMINISTRA EL EQUIPO PARA EL TRASLADO). INCLUYE DESACOPLE DE TODOS LOS MISCELANEOS (CONEXIONES, TUBERIAS, SOPORTES) ANEXOS AL TANQUE.",,,,1864,621.333,8,KG,,
000827,,,2.2.1,3,CEPILLO DE ALAMBRE MANGO DE MADERA,,,2.5284450063211E-03,2.5284450063211E-03,,,Pza,2,
011550,,,2.2.1,3,CILINDRO DE OXIGENO OXIROGA (CIL),,,1.2642225031606E-03,1.2642225031606E-03,,,CIL,37.2873,
001298,,,2.2.1,3,DISCO DE CORTE 7 PLG EXTRAFINO  ACERO,,,3.1605562579014E-03,3.1605562579014E-03,,,Pza,1.6496,
001329,,,2.2.1,3,DISCO DESBASTE DIAMETRO 7 PULGADAS METAL,,,1.8963337547408E-03,1.8963337547408E-03,,,Pza,3.4724,
001353,,,2.2.1,3,ELECTRODO E 6010 ARCO ELECT PARA AC DIAM 1/8 X L 350 MM,,,2.5284450063211E-03,2.5284450063211E-03,,,kg,4.0751,
001358,,,2.2.1,3,ELECTRODO E 7018 ARCO ELEC PARA AC DIAM 1/8 X L 350 MM ,,,3.1605562579014E-03,3.1605562579014E-03,,,kg,4.0267,
001714,,,2.2.1,3,GAS PROPANO (RECARGA),,,0.011378002528445,0.011378002528445,,,kg,0.5,
001532,,,2.2.1,4,FABRICADOR 1RA,,,1,1.28755432262729E-02,,,Horas,1.6425,13.14
000307,,,2.2.1,4,AYUDANTE,,,3,3.86266296788187E-02,,,Horas,1.19125,9.53
003014,,,2.2.1,4,SUPERVISOR DE SEGURIDAD,,,0.25,3.21888580656822E-03,,,Horas,2.49625,19.97
000767,,,2.2.1,4,CAPATAZ,,,1,1.28755432262729E-02,,,Horas,2.2075,17.66
002998,,,2.2.1,4,SOLDADOR DE 1ERA,,,1,1.28755432262729E-02,,,Horas,1.56875,12.55
004570,,,2.2.1,5,EXTENSION ELECTRICA-ESTANDAR,,,1,1.28755432262729E-02,,,Horas,0.17125,1.37
004729,,,2.2.1,5,FORMALETAS PARA ANDAMIO,,,1,1.28755432262729E-02,,,Horas,0.0625,0.5
008029,,,2.2.1,5,GRILLETE DE CARGA 3/4 PULG,,,1,1.28755432262729E-02,,,Horas,0.0125,0.1
008265,,,2.2.1,5,JUEGO DE DADOS CUD 3/4 PULG 23 PZA,,,1,1.28755432262729E-02,,,Horas,0.25,2
015788,,,2.2.1,5,JUEGO LLAVES COMBINADA COMBO MM/PULG 20PZA,,,1,1.28755432262729E-02,,,Horas,0.125,1
004731,,,2.2.1,5,MANDARRIA 2KG,,,1,1.28755432262729E-02,,,Horas,0.03125,0.25
008135,,,2.2.1,5,SEÑORITA DE CADENA 1 1/2 TON,,,1,1.28755432262729E-02,,,Horas,0.3125,2.5
004653,,,2.2.1,5,SEÑORITA-RATCHET 1.1/2TON,,,1,1.28755432262729E-02,,,Horas,0.2825,2.26
004602,,,2.2.1,5,SOLDADORA ELECTRICA-CD/DC 250,,,0.1,1.28755432262729E-03,,,Horas,5.125,41
004757,,,2.2.1,5,CUERPO DE ANDAMIO,,,2,2.57510864525458E-02,,,Horas,0.1875,1.5
004557,,,2.2.1,5,EQUIPO DE OXICORTE-HARRIS / VICTOR,,,1,1.28755432262729E-02,,,Horas,0.995,7.96
014309,,,2.2.1,5,ESLINGA DE CARGA 3.5'' X 3MTS OJAL-OJAL,,,1,1.28755432262729E-02,,,Horas,0.25,2
004562,,,2.2.1,5,ESMERIL 7´´-VARIOS,,,1,1.28755432262729E-02,,,Horas,0.51125,4.09
2.2.2,,,2.2,2,"DESMONTAJE DE TUBERIA  NPS 8"" SCH.40 DE ACERO A CARBONO.",,,,131.73,235,8,KG,,
011550,,,2.2.2,3,CILINDRO DE OXIGENO OXIROGA (CIL),,,1.0846640554384E-03,1.0846640554384E-03,,,CIL,37.2873,
001298,,,2.2.2,3,DISCO DE CORTE 7 PLG EXTRAFINO  ACERO,,,4.8207291352817E-03,4.8207291352817E-03,,,Pza,1.6496,
001329,,,2.2.2,3,DISCO DESBASTE DIAMETRO 7 PULGADAS METAL,,,2.4103645676409E-03,2.4103645676409E-03,,,Pza,3.4724,
001714,,,2.2.2,3,GAS PROPANO (RECARGA),,,1.08466405543839E-02,1.08466405543839E-02,,,kg,0.5,
014435,,,2.2.2,3,MECATE DE 5/8 MATERIAL POLIPROPILENO (PRESENTACION EN M,,,4.82072913528171E-02,4.82072913528171E-02,,,m,0.85,
001532,,,2.2.2,4,FABRICADOR 1RA,,,1,3.40425531914894E-02,,,Horas,1.6425,13.14
000307,,,2.2.2,4,AYUDANTE,,,2,6.80851063829787E-02,,,Horas,1.19125,9.53
003014,,,2.2.2,4,SUPERVISOR DE SEGURIDAD,,,0.25,8.51063829787234E-03,,,Horas,2.49625,19.97
000767,,,2.2.2,4,CAPATAZ,,,1,3.40425531914894E-02,,,Horas,2.2075,17.66
004570,,,2.2.2,5,EXTENSION ELECTRICA-ESTANDAR,,,1,3.40425531914894E-02,,,Horas,0.17125,1.37
004651,,,2.2.2,5,SEÑORITA-CADENA 2TON,,,1,3.40425531914894E-02,,,Horas,0.425,3.4
004653,,,2.2.2,5,SEÑORITA-RATCHET 1.1/2TON,,,1,3.40425531914894E-02,,,Horas,0.2825,2.26
004602,,,2.2.2,5,SOLDADORA ELECTRICA-CD/DC 250,,,0.1,3.40425531914894E-03,,,Horas,5.125,41
004557,,,2.2.2,5,EQUIPO DE OXICORTE-HARRIS / VICTOR,,,1,3.40425531914894E-02,,,Horas,0.995,7.96
004562,,,2.2.2,5,ESMERIL 7´´-VARIOS,,,1,3.40425531914894E-02,,,Horas,0.51125,4.09
2.2.3,,,2.2,2,"DESMONTAJE DE TUBERIA  NPS 10"" SCH.40 DE ACERO AL CARBONO",,,,686.73,235,8,KG,,
011550,,,2.2.3,3,CILINDRO DE OXIGENO OXIROGA (CIL),,,1.0846640554384E-03,1.0846640554384E-03,,,CIL,37.2873,
001298,,,2.2.3,3,DISCO DE CORTE 7 PLG EXTRAFINO  ACERO,,,4.8207291352817E-03,4.8207291352817E-03,,,Pza,1.6496,
001329,,,2.2.3,3,DISCO DESBASTE DIAMETRO 7 PULGADAS METAL,,,2.4103645676409E-03,2.4103645676409E-03,,,Pza,3.4724,
001714,,,2.2.3,3,GAS PROPANO (RECARGA),,,1.08466405543839E-02,1.08466405543839E-02,,,kg,0.5,
014435,,,2.2.3,3,MECATE DE 5/8 MATERIAL POLIPROPILENO (PRESENTACION EN M,,,4.82072913528171E-02,4.82072913528171E-02,,,m,0.85,
001532,,,2.2.3,4,FABRICADOR 1RA,,,1,3.40425531914894E-02,,,Horas,1.6425,13.14
000307,,,2.2.3,4,AYUDANTE,,,2,6.80851063829787E-02,,,Horas,1.19125,9.53
003014,,,2.2.3,4,SUPERVISOR DE SEGURIDAD,,,0.25,8.51063829787234E-03,,,Horas,2.49625,19.97
000767,,,2.2.3,4,CAPATAZ,,,1,3.40425531914894E-02,,,Horas,2.2075,17.66
004570,,,2.2.3,5,EXTENSION ELECTRICA-ESTANDAR,,,1,3.40425531914894E-02,,,Horas,0.17125,1.37
004651,,,2.2.3,5,SEÑORITA-CADENA 2TON,,,1,3.40425531914894E-02,,,Horas,0.425,3.4
004653,,,2.2.3,5,SEÑORITA-RATCHET 1.1/2TON,,,1,3.40425531914894E-02,,,Horas,0.2825,2.26
004602,,,2.2.3,5,SOLDADORA ELECTRICA-CD/DC 250,,,0.1,3.40425531914894E-03,,,Horas,5.125,41
004557,,,2.2.3,5,EQUIPO DE OXICORTE-HARRIS / VICTOR,,,1,3.40425531914894E-02,,,Horas,0.995,7.96
004562,,,2.2.3,5,ESMERIL 7´´-VARIOS,,,1,3.40425531914894E-02,,,Horas,0.51125,4.09
2.2.4,,,2.2,2,"DESMONTAJE DE TUBERIA  NPS 6"" SCH.40 DE ACERO AL CARBONO",,,,118.04,235,8,KG,,
011550,,,2.2.4,3,CILINDRO DE OXIGENO OXIROGA (CIL),,,1.0846640554384E-03,1.0846640554384E-03,,,CIL,37.2873,
001298,,,2.2.4,3,DISCO DE CORTE 7 PLG EXTRAFINO  ACERO,,,4.8207291352817E-03,4.8207291352817E-03,,,Pza,1.6496,
001329,,,2.2.4,3,DISCO DESBASTE DIAMETRO 7 PULGADAS METAL,,,2.4103645676409E-03,2.4103645676409E-03,,,Pza,3.4724,
001714,,,2.2.4,3,GAS PROPANO (RECARGA),,,1.08466405543839E-02,1.08466405543839E-02,,,kg,0.5,
014435,,,2.2.4,3,MECATE DE 5/8 MATERIAL POLIPROPILENO (PRESENTACION EN M,,,4.82072913528171E-02,4.82072913528171E-02,,,m,0.85,
001532,,,2.2.4,4,FABRICADOR 1RA,,,1,3.40425531914894E-02,,,Horas,1.6425,13.14
000307,,,2.2.4,4,AYUDANTE,,,2,6.80851063829787E-02,,,Horas,1.19125,9.53
003014,,,2.2.4,4,SUPERVISOR DE SEGURIDAD,,,0.25,8.51063829787234E-03,,,Horas,2.49625,19.97
000767,,,2.2.4,4,CAPATAZ,,,1,3.40425531914894E-02,,,Horas,2.2075,17.66
004570,,,2.2.4,5,EXTENSION ELECTRICA-ESTANDAR,,,1,3.40425531914894E-02,,,Horas,0.17125,1.37
004651,,,2.2.4,5,SEÑORITA-CADENA 2TON,,,1,3.40425531914894E-02,,,Horas,0.425,3.4
004653,,,2.2.4,5,SEÑORITA-RATCHET 1.1/2TON,,,1,3.40425531914894E-02,,,Horas,0.2825,2.26
004602,,,2.2.4,5,SOLDADORA ELECTRICA-CD/DC 250,,,0.1,3.40425531914894E-03,,,Horas,5.125,41
004557,,,2.2.4,5,EQUIPO DE OXICORTE-HARRIS / VICTOR,,,1,3.40425531914894E-02,,,Horas,0.995,7.96
004562,,,2.2.4,5,ESMERIL 7´´-VARIOS,,,1,3.40425531914894E-02,,,Horas,0.51125,4.09
2.2.5,,,2.2,2,"DESMONTAJE DE TUBERIA  NPS 6"" SCH.40 EN ACERO AL CARBONO.INCLUYE DESMONTAJE DE 4 VALVULAS TIPO MARIPOSA.",,,,723,235,8,KG,,
011550,,,2.2.5,3,CILINDRO DE OXIGENO OXIROGA (CIL),,,1.0846640554384E-03,1.0846640554384E-03,,,CIL,37.2873,
001298,,,2.2.5,3,DISCO DE CORTE 7 PLG EXTRAFINO  ACERO,,,4.8207291352817E-03,4.8207291352817E-03,,,Pza,1.6496,
001329,,,2.2.5,3,DISCO DESBASTE DIAMETRO 7 PULGADAS METAL,,,2.4103645676409E-03,2.4103645676409E-03,,,Pza,3.4724,
001714,,,2.2.5,3,GAS PROPANO (RECARGA),,,1.08466405543839E-02,1.08466405543839E-02,,,kg,0.5,
014435,,,2.2.5,3,MECATE DE 5/8 MATERIAL POLIPROPILENO (PRESENTACION EN M,,,4.82072913528171E-02,4.82072913528171E-02,,,m,0.85,
001532,,,2.2.5,4,FABRICADOR 1RA,,,1,3.40425531914894E-02,,,Horas,1.6425,13.14
000307,,,2.2.5,4,AYUDANTE,,,2,6.80851063829787E-02,,,Horas,1.19125,9.53
003014,,,2.2.5,4,SUPERVISOR DE SEGURIDAD,,,0.25,8.51063829787234E-03,,,Horas,2.49625,19.97
000767,,,2.2.5,4,CAPATAZ,,,1,3.40425531914894E-02,,,Horas,2.2075,17.66
004570,,,2.2.5,5,EXTENSION ELECTRICA-ESTANDAR,,,1,3.40425531914894E-02,,,Horas,0.17125,1.37
004651,,,2.2.5,5,SEÑORITA-CADENA 2TON,,,1,3.40425531914894E-02,,,Horas,0.425,3.4
004653,,,2.2.5,5,SEÑORITA-RATCHET 1.1/2TON,,,1,3.40425531914894E-02,,,Horas,0.2825,2.26
004602,,,2.2.5,5,SOLDADORA ELECTRICA-CD/DC 250,,,0.1,3.40425531914894E-03,,,Horas,5.125,41
004557,,,2.2.5,5,EQUIPO DE OXICORTE-HARRIS / VICTOR,,,1,3.40425531914894E-02,,,Horas,0.995,7.96
004562,,,2.2.5,5,ESMERIL 7´´-VARIOS,,,1,3.40425531914894E-02,,,Horas,0.51125,4.09
2.2.6,,,2.2,2,ACARREO DE TANQUE (SUSTITO DE TANQUE PULMON DE MELAZA EXISTENTE) DESDE PATIO DE CAÑA HASTA LA ZONA DE LAS BOMBAS DE MELAZA (CEPSA SUMINISTRA EL MEDIO DE TRANSPORTE).,,,,1300,621.333,8,KG,,
000827,,,2.2.6,3,CEPILLO DE ALAMBRE MANGO DE MADERA,,,2.5284450063211E-03,2.5284450063211E-03,,,Pza,2,
011550,,,2.2.6,3,CILINDRO DE OXIGENO OXIROGA (CIL),,,1.2642225031606E-03,1.2642225031606E-03,,,CIL,37.2873,
001298,,,2.2.6,3,DISCO DE CORTE 7 PLG EXTRAFINO  ACERO,,,3.1605562579014E-03,3.1605562579014E-03,,,Pza,1.6496,
001329,,,2.2.6,3,DISCO DESBASTE DIAMETRO 7 PULGADAS METAL,,,1.8963337547408E-03,1.8963337547408E-03,,,Pza,3.4724,
001353,,,2.2.6,3,ELECTRODO E 6010 ARCO ELECT PARA AC DIAM 1/8 X L 350 MM,,,2.5284450063211E-03,2.5284450063211E-03,,,kg,4.0751,
001358,,,2.2.6,3,ELECTRODO E 7018 ARCO ELEC PARA AC DIAM 1/8 X L 350 MM ,,,3.1605562579014E-03,3.1605562579014E-03,,,kg,4.0267,
001714,,,2.2.6,3,GAS PROPANO (RECARGA),,,0.011378002528445,0.011378002528445,,,kg,0.5,
001532,,,2.2.6,4,FABRICADOR 1RA,,,1,1.28755432262729E-02,,,Horas,1.6425,13.14
000307,,,2.2.6,4,AYUDANTE,,,3,3.86266296788187E-02,,,Horas,1.19125,9.53
003014,,,2.2.6,4,SUPERVISOR DE SEGURIDAD,,,0.25,3.21888580656822E-03,,,Horas,2.49625,19.97
000767,,,2.2.6,4,CAPATAZ,,,1,1.28755432262729E-02,,,Horas,2.2075,17.66
002998,,,2.2.6,4,SOLDADOR DE 1ERA,,,1,1.28755432262729E-02,,,Horas,1.56875,12.55
004570,,,2.2.6,5,EXTENSION ELECTRICA-ESTANDAR,,,1,1.28755432262729E-02,,,Horas,0.17125,1.37
004729,,,2.2.6,5,FORMALETAS PARA ANDAMIO,,,1,1.28755432262729E-02,,,Horas,0.0625,0.5
008029,,,2.2.6,5,GRILLETE DE CARGA 3/4 PULG,,,1,1.28755432262729E-02,,,Horas,0.0125,0.1
008265,,,2.2.6,5,JUEGO DE DADOS CUD 3/4 PULG 23 PZA,,,1,1.28755432262729E-02,,,Horas,0.25,2
015788,,,2.2.6,5,JUEGO LLAVES COMBINADA COMBO MM/PULG 20PZA,,,1,1.28755432262729E-02,,,Horas,0.125,1
004731,,,2.2.6,5,MANDARRIA 2KG,,,1,1.28755432262729E-02,,,Horas,0.03125,0.25
008135,,,2.2.6,5,SEÑORITA DE CADENA 1 1/2 TON,,,1,1.28755432262729E-02,,,Horas,0.3125,2.5
004653,,,2.2.6,5,SEÑORITA-RATCHET 1.1/2TON,,,1,1.28755432262729E-02,,,Horas,0.2825,2.26
004602,,,2.2.6,5,SOLDADORA ELECTRICA-CD/DC 250,,,0.1,1.28755432262729E-03,,,Horas,5.125,41
004757,,,2.2.6,5,CUERPO DE ANDAMIO,,,2,2.57510864525458E-02,,,Horas,0.1875,1.5
004557,,,2.2.6,5,EQUIPO DE OXICORTE-HARRIS / VICTOR,,,1,1.28755432262729E-02,,,Horas,0.995,7.96
014309,,,2.2.6,5,ESLINGA DE CARGA 3.5'' X 3MTS OJAL-OJAL,,,1,1.28755432262729E-02,,,Horas,0.25,2
004562,,,2.2.6,5,ESMERIL 7´´-VARIOS,,,1,1.28755432262729E-02,,,Horas,0.51125,4.09
2.2.7,,,2.2,2,APLICAR LIMPIEZA MECANICA A LA SUPERFICIE INTERNA Y EXTERNA DEL TANQUE POR MEDIO DE HERRAMIENTAS SP2/SP3.,,,,50,30,8,M2,,
000834,,,2.2.7,3,CEPILLO DE ALAMBRE TIPO COPA PARA ESMERIL DIAM 7 PLG PA,,,6.57894736842105E-02,6.57894736842105E-02,,,Pza,9.5909,
001317,,,2.2.7,3,DISCO DE LIJA FLAP DIAMETRO 4 1/2 PLG GRANO 120 PARA ES,,,6.57894736842105E-02,6.57894736842105E-02,,,Pza,2,
001320,,,2.2.7,3,"DISCO DE LIJA FLAP DIAMETRO 7"" GRANO 80 PARA ESMERIL",,,6.57894736842105E-02,6.57894736842105E-02,,,Pza,2.9355,
001329,,,2.2.7,3,DISCO DESBASTE DIAMETRO 7 PULGADAS METAL,,,2.63157894736842E-02,2.63157894736842E-02,,,Pza,3.4724,
001457,,,2.2.7,3,ESPATULA,,,2.63157894736842E-02,2.63157894736842E-02,,,Pza,1,
002065,,,2.2.7,3,"LIJA DE AGUA GRANO 80 MICROFINA 9"" X 11"" MULTIUSO",,,0.394736842105263,0.394736842105263,,,Pliego,0.8607,
000307,,,2.2.7,4,AYUDANTE,,,2,0.533333333333333,,,Horas,1.19125,9.53
003014,,,2.2.7,4,SUPERVISOR DE SEGURIDAD,,,0.25,6.66666666666667E-02,,,Horas,2.49625,19.97
000767,,,2.2.7,4,CAPATAZ,,,1,0.266666666666667,,,Horas,2.2075,17.66
004570,,,2.2.7,5,EXTENSION ELECTRICA-ESTANDAR,,,1,0.266666666666667,,,Horas,0.17125,1.37
014232,,,2.2.7,5,"EXTRACTOR DE ORUGA PORTATIL ALTA VELOC 12"" 520W 110V 33",,,1,0.266666666666667,,,Horas,0.625,5
001817,,,2.2.7,5,ILUMINACION 400W UNIVERSAL,,,1,0.266666666666667,,,Horas,0.125,1
004746,,,2.2.7,5,KIT DE HERRAMIENTAS MENORES,,,1,0.266666666666667,,,Horas,0.2625,2.1
004561,,,2.2.7,5,ESMERIL  4.1/2´´-VARIOS,,,1,0.266666666666667,,,Horas,0.34375,2.75
004562,,,2.2.7,5,ESMERIL 7´´-VARIOS,,,1,0.266666666666667,,,Horas,0.51125,4.09
2.2.8,,,2.2,2,"ADECUACION DE TANQUE:  CORTAR BAFLES Y TUBERIAS INTERNAS , FABRICAR TAPA CON LAMINA ASTM A-36 E=1/4"" (PARA REGISTRO EXISTENTE Y PARTE SUPERIOR DEL TANQUE) INCLUYE TORNILLERIA Y EMPAQUE PARA EL REGISTRO, INSTALAR UNA VALVULA DE COMPUERTA DE 4"" X 150LBS FLA",,,,300,200,8,KG,,
001298,,,2.2.8,3,DISCO DE CORTE 7 PLG EXTRAFINO  ACERO,,,1.66666666666667E-02,1.66666666666667E-02,,,Pza,1.6496,
001329,,,2.2.8,3,DISCO DESBASTE DIAMETRO 7 PULGADAS METAL,,,1.66666666666667E-02,1.66666666666667E-02,,,Pza,3.4724,
001353,,,2.2.8,3,ELECTRODO E 6010 ARCO ELECT PARA AC DIAM 1/8 X L 350 MM,,,3.33333333333333E-02,3.33333333333333E-02,,,kg,4.0751,
001358,,,2.2.8,3,ELECTRODO E 7018 ARCO ELEC PARA AC DIAM 1/8 X L 350 MM ,,,0.05,0.05,,,kg,4.0267,
001938,,,2.2.8,3,"LAMINA AC RECTANGULAR ANCHO 1,2 M ESP 6 MM LONG 2,4 M A",,,1.6666666666667E-03,1.6666666666667E-03,,,Pza,230,
000263,,,2.2.8,3,"ARANDELA PLANA H/N 3/4""",,,0.04,0.04,,,Pza,0.1462,
002976,,,2.2.8,3,SILICON GRIS PARA ALTA TEMPERATURA,,,0.00667,0.00667,,,Pza,5,
003432,,,2.2.8,3,TORNILLO H/N HEX 3/4 X 4 PLG G-5,,,0.04,0.04,,,Pza,1.29,
003755,,,2.2.8,3,"TUERCA ASTM A-194 GR 2H 3/4""",,,0.04,0.04,,,Pza,1,
015590,,,2.2.8,3,"VALVULA TIPO COMPUERTA 4"" RATING 150 PSI CUERPO EN ACER",,,3.3333333333333E-03,3.3333333333333E-03,,,Pza,850,
001383,,,2.2.8,3,"EMPACADURA DE AMIANTO DE USO MULTIPLE CON INSERTOS METALICOS ESPESOR DE 1/8"" X 2 MTS X 1,50 MTS",,,5.55555555555556E-04,5.55555555555556E-04,,,Pza,500,
001532,,,2.2.8,4,FABRICADOR 1RA,,,1,0.04,,,Horas,1.6425,13.14
000307,,,2.2.8,4,AYUDANTE,,,3,0.12,,,Horas,1.19125,9.53
003014,,,2.2.8,4,SUPERVISOR DE SEGURIDAD,,,0.25,0.01,,,Horas,2.49625,19.97
000767,,,2.2.8,4,CAPATAZ,,,1,0.04,,,Horas,2.2075,17.66
002998,,,2.2.8,4,SOLDADOR DE 1ERA,,,1,0.04,,,Horas,1.56875,12.55
002217,,,2.2.8,4,MECANICO 1RA,,,1,0.04,,,Horas,1.6425,13.14
004570,,,2.2.8,5,EXTENSION ELECTRICA-ESTANDAR,,,1,0.04,,,Horas,0.17125,1.37
004729,,,2.2.8,5,FORMALETAS PARA ANDAMIO,,,1,0.04,,,Horas,0.0625,0.5
004731,,,2.2.8,5,MANDARRIA 2KG,,,1,0.04,,,Horas,0.03125,0.25
008135,,,2.2.8,5,SEÑORITA DE CADENA 1 1/2 TON,,,1,0.04,,,Horas,0.3125,2.5
007981,,,2.2.8,5,CARRETILLA DE 2 RUEDAS (CARRUCHA),,,1,0.04,,,Horas,0.325,2.6
004653,,,2.2.8,5,SEÑORITA-RATCHET 1.1/2TON,,,1,0.04,,,Horas,0.2825,2.26
004658,,,2.2.8,5,SOLDADORA ELECTRICA-450 DC,,,0.25,0.01,,,Horas,5.125,41
004757,,,2.2.8,5,CUERPO DE ANDAMIO,,,1,0.04,,,Horas,0.1875,1.5
004557,,,2.2.8,5,EQUIPO DE OXICORTE-HARRIS / VICTOR,,,1,0.04,,,Horas,0.995,7.96
004562,,,2.2.8,5,ESMERIL 7´´-VARIOS,,,1,0.04,,,Horas,0.51125,4.09
2.2.9,,,2.2,2,APLICACION DE FONDO ANTICORROSIVO Y  PINTURA ESMALTE COLOR MARRON ENCINO (INCLUYE IDENTIFICACION DEL EQUIPO) A LA SUPERFICIE EXTERNA DEL TANQUE. ,,,,30,20,8,M2,,
001681,,,2.2.9,3,FONDO ANTICORROSIVO GRIS,,,3.57142857142857E-02,3.57142857142857E-02,,,galon,39.9432,
013916,,,2.2.9,3,PINTURA ESMALTE ALQUIDICO COLOR MARRON TIERRA RAL 8028,,,5.35714285714286E-02,5.35714285714286E-02,,,galon,57.75,
003197,,,2.2.9,3,THINNER ACRILICO,,,3.57142857142857E-02,3.57142857142857E-02,,,galon,11.9233,
003220,,,2.2.9,3,"TIRRO DE PAPEL 2""",,,7.14285714285714E-02,7.14285714285714E-02,,,Pza,3.8137,
003546,,,2.2.9,3,TRAPOS DE LIMPIEZA ( SACO),,,1.78571428571429E-02,1.78571428571429E-02,,,Saco,35,
000546,,,2.2.9,3,"BROCHA 4"" MATERIAL MANGO PLASTICO CERDA NATURAL",,,7.14285714285714E-02,7.14285714285714E-02,,,Pza,1.9799,
000307,,,2.2.9,4,AYUDANTE,,,1,0.4,,,Horas,1.19125,9.53
002479,,,2.2.9,4,PINTOR DE 1a,,,1,0.4,,,Horas,1.56875,12.55
003014,,,2.2.9,4,SUPERVISOR DE SEGURIDAD,,,0.25,0.1,,,Horas,2.49625,19.97
000767,,,2.2.9,4,CAPATAZ,,,1,0.4,,,Horas,2.2075,17.66
004570,,,2.2.9,5,EXTENSION ELECTRICA-ESTANDAR,,,1,0.4,,,Horas,0.17125,1.37
004746,,,2.2.9,5,KIT DE HERRAMIENTAS MENORES,,,1,0.4,,,Horas,0.2625,2.1
004552,,,2.2.9,5,COMPRESOR DE AIRE- ELECTRICO,,,1,0.4,,,Horas,0.75,6
004558,,,2.2.9,5,EQUIPO DE PINTURA ESTÁNDAR BAJA-PISTOLA DE CARGA POR SU,,,0.5,0.2,,,Horas,2,16
2.2.10,,,2.2,2,"S/T/I DE VIGAS HEA 200 DE ALTO: 1,40M ,DE LONGITUD (4PZA) PARA SOPORTE DEL TANQUE PULMON, INCLUYE S/T/A DE FONDO ANTICORROSIVO Y PINTURA ESMALTE COLOR VERDE PALMAR. ",,,,260,86.667,8,KG,,
011550,,,2.2.10,3,CILINDRO DE OXIGENO OXIROGA (CIL),,,3.8461538461538E-03,3.8461538461538E-03,,,CIL,37.2873,
001298,,,2.2.10,3,DISCO DE CORTE 7 PLG EXTRAFINO  ACERO,,,1.92307692307692E-02,1.92307692307692E-02,,,Pza,1.6496,
001329,,,2.2.10,3,DISCO DESBASTE DIAMETRO 7 PULGADAS METAL,,,1.15384615384615E-02,1.15384615384615E-02,,,Pza,3.4724,
001358,,,2.2.10,3,ELECTRODO E 7018 ARCO ELEC PARA AC DIAM 1/8 X L 350 MM ,,,4.61538461538462E-02,4.61538461538462E-02,,,kg,4.0267,
001681,,,2.2.10,3,FONDO ANTICORROSIVO GRIS,,,3.8461538461538E-03,3.8461538461538E-03,,,galon,39.9432,
001714,,,2.2.10,3,GAS PROPANO (RECARGA),,,1.73076923076923E-02,1.73076923076923E-02,,,kg,0.5,
013916,,,2.2.10,3,PINTURA ESMALTE ALQUIDICO COLOR MARRON TIERRA RAL 8028,,,3.8461538461538E-03,3.8461538461538E-03,,,galon,57.75,
003197,,,2.2.10,3,THINNER ACRILICO,,,3.8461538461538E-03,3.8461538461538E-03,,,galon,11.9233,
004009,,,2.2.10,3,VIGA HEA AC SECCION H ALT 200 MM ALA 190 MM LONG 6 M MA,,,7.6923076923077E-03,7.6923076923077E-03,,,Pza,484,
000546,,,2.2.10,3,"BROCHA 4"" MATERIAL MANGO PLASTICO CERDA NATURAL",,,7.6923076923077E-03,7.6923076923077E-03,,,Pza,1.9799,
001532,,,2.2.10,4,FABRICADOR 1RA,,,1,9.23073374744941E-02,,,Horas,1.6425,13.14
000307,,,2.2.10,4,AYUDANTE,,,2,0.184614674948988,,,Horas,1.19125,9.53
003014,,,2.2.10,4,SUPERVISOR DE SEGURIDAD,,,0.25,2.30768343686235E-02,,,Horas,2.49625,19.97
000767,,,2.2.10,4,CAPATAZ,,,1,9.23073374744941E-02,,,Horas,2.2075,17.66
002998,,,2.2.10,4,SOLDADOR DE 1ERA,,,1,9.23073374744941E-02,,,Horas,1.56875,12.55
004570,,,2.2.10,5,EXTENSION ELECTRICA-ESTANDAR,,,1,9.23073374744941E-02,,,Horas,0.17125,1.37
004746,,,2.2.10,5,KIT DE HERRAMIENTAS MENORES,,,1,9.23073374744941E-02,,,Horas,0.2625,2.1
004731,,,2.2.10,5,MANDARRIA 2KG,,,1,9.23073374744941E-02,,,Horas,0.03125,0.25
008135,,,2.2.10,5,SEÑORITA DE CADENA 1 1/2 TON,,,1,9.23073374744941E-02,,,Horas,0.3125,2.5
004653,,,2.2.10,5,SEÑORITA-RATCHET 1.1/2TON,,,1,9.23073374744941E-02,,,Horas,0.2825,2.26
004602,,,2.2.10,5,SOLDADORA ELECTRICA-CD/DC 250,,,0.25,2.30768343686235E-02,,,Horas,5.125,41
004552,,,2.2.10,5,COMPRESOR DE AIRE- ELECTRICO,,,0.25,2.30768343686235E-02,,,Horas,0.75,6
004557,,,2.2.10,5,EQUIPO DE OXICORTE-HARRIS / VICTOR,,,1,9.23073374744941E-02,,,Horas,0.995,7.96
004558,,,2.2.10,5,EQUIPO DE PINTURA ESTÁNDAR BAJA-PISTOLA DE CARGA POR SU,,,0.25,2.30768343686235E-02,,,Horas,2,16
004562,,,2.2.10,5,ESMERIL 7´´-VARIOS,,,1,9.23073374744941E-02,,,Horas,0.51125,4.09
2.2.11,,,2.2,2,S/T/I DE ÁNGULOS DE 65X65X6 PARA ARRIOSTRAR COLUMNAS DE SOPORTE DE TANQUE PULMON. INCLUYE APLICACIÓN DE FONDO ANTICORROSIVO Y PINTURA ESMALTE COLOR VERDE PALMAR.,,,,16,12,8,ML,,
011550,,,2.2.11,3,CILINDRO DE OXIGENO OXIROGA (CIL),,,0.03125,0.03125,,,CIL,37.2873,
001298,,,2.2.11,3,DISCO DE CORTE 7 PLG EXTRAFINO  ACERO,,,0.1875,0.1875,,,Pza,1.6496,
001329,,,2.2.11,3,DISCO DESBASTE DIAMETRO 7 PULGADAS METAL,,,0.0625,0.0625,,,Pza,3.4724,
000154,,,2.2.11,3,ANGULO AC SECCION L  ALTURA 65 MM ESP 6 MM LONG 6 M MAT,,,0.1875,0.1875,,,Pza,99,
001353,,,2.2.11,3,ELECTRODO E 6010 ARCO ELECT PARA AC DIAM 1/8 X L 350 MM,,,0.1875,0.1875,,,kg,4.0751,
001358,,,2.2.11,3,ELECTRODO E 7018 ARCO ELEC PARA AC DIAM 1/8 X L 350 MM ,,,0.1875,0.1875,,,kg,4.0267,
001681,,,2.2.11,3,FONDO ANTICORROSIVO GRIS,,,0.03125,0.03125,,,galon,39.9432,
001714,,,2.2.11,3,GAS PROPANO (RECARGA),,,0.28125,0.28125,,,kg,0.5,
013916,,,2.2.11,3,PINTURA ESMALTE ALQUIDICO COLOR MARRON TIERRA RAL 8028,,,0.0625,0.0625,,,galon,57.75,
003197,,,2.2.11,3,THINNER ACRILICO,,,0.03125,0.03125,,,galon,11.9233,
000546,,,2.2.11,3,"BROCHA 4"" MATERIAL MANGO PLASTICO CERDA NATURAL",,,0.125,0.125,,,Pza,1.9799,
001532,,,2.2.11,4,FABRICADOR 1RA,,,1,0.666666666666667,,,Horas,1.6425,13.14
000307,,,2.2.11,4,AYUDANTE,,,2,1.33333333333333,,,Horas,1.19125,9.53
003014,,,2.2.11,4,SUPERVISOR DE SEGURIDAD,,,0.25,0.166666666666667,,,Horas,2.49625,19.97
000767,,,2.2.11,4,CAPATAZ,,,1,0.666666666666667,,,Horas,2.2075,17.66
002998,,,2.2.11,4,SOLDADOR DE 1ERA,,,1,0.666666666666667,,,Horas,1.56875,12.55
004570,,,2.2.11,5,EXTENSION ELECTRICA-ESTANDAR,,,1,0.666666666666667,,,Horas,0.17125,1.37
004746,,,2.2.11,5,KIT DE HERRAMIENTAS MENORES,,,1,0.666666666666667,,,Horas,0.2625,2.1
007981,,,2.2.11,5,CARRETILLA DE 2 RUEDAS (CARRUCHA),,,1,0.666666666666667,,,Horas,0.325,2.6
004602,,,2.2.11,5,SOLDADORA ELECTRICA-CD/DC 250,,,0.5,0.333333333333333,,,Horas,5.125,41
004552,,,2.2.11,5,COMPRESOR DE AIRE- ELECTRICO,,,0.25,0.166666666666667,,,Horas,0.75,6
004557,,,2.2.11,5,EQUIPO DE OXICORTE-HARRIS / VICTOR,,,1,0.666666666666667,,,Horas,0.995,7.96
004558,,,2.2.11,5,EQUIPO DE PINTURA ESTÁNDAR BAJA-PISTOLA DE CARGA POR SU,,,0.25,0.166666666666667,,,Horas,2,16
004562,,,2.2.11,5,ESMERIL 7´´-VARIOS,,,1,0.666666666666667,,,Horas,0.51125,4.09
2.2.12,,,2.2,2,"INSTALACION DE 2 BOMBAS DE DESPLAZAMIENTO POSITIVO DE TORNILLO HELICOIDAL TIPO ""NEMO"". INCLUYE CHASIS.",,,,2,1,8,PZA,,
011550,,,2.2.12,3,CILINDRO DE OXIGENO OXIROGA (CIL),,,0.25,0.25,,,CIL,37.2873,
001714,,,2.2.12,3,GAS PROPANO (RECARGA),,,2.25,2.25,,,kg,0.5,
014347,,,2.2.12,3,GRASA GRAFITADA NEGRA PARA USO MULTIPLES,,,0.1,0.1,,,kg,1.3,
002065,,,2.2.12,3,"LIJA DE AGUA GRANO 80 MICROFINA 9"" X 11"" MULTIUSO",,,5,5,,,Pliego,0.8607,
000307,,,2.2.12,4,AYUDANTE,,,2,16,,,Horas,1.19125,9.53
003014,,,2.2.12,4,SUPERVISOR DE SEGURIDAD,,,0.25,2,,,Horas,2.49625,19.97
000767,,,2.2.12,4,CAPATAZ,,,1,8,,,Horas,2.2075,17.66
002217,,,2.2.12,4,MECANICO 1RA,,,2,16,,,Horas,1.6425,13.14
004570,,,2.2.12,5,EXTENSION ELECTRICA-ESTANDAR,,,1,8,,,Horas,0.17125,1.37
008265,,,2.2.12,5,JUEGO DE DADOS CUD 3/4 PULG 23 PZA,,,1,8,,,Horas,0.25,2
015788,,,2.2.12,5,JUEGO LLAVES COMBINADA COMBO MM/PULG 20PZA,,,1,8,,,Horas,0.125,1
004746,,,2.2.12,5,KIT DE HERRAMIENTAS MENORES,,,1,8,,,Horas,0.2625,2.1
013361,,,2.2.12,5,"LLAVE DE GOLPE 2""",,,1,8,,,Horas,0.09125,0.73
004736,,,2.2.12,5,CARRETILLA DE ALBAÑILERIA,,,1,8,,,Horas,0.15625,1.25
004557,,,2.2.12,5,EQUIPO DE OXICORTE-HARRIS / VICTOR,,,1,8,,,Horas,0.995,7.96
2.2.13,,,2.2,2,"S/T/I DE TUBERIA DE NPS 8""  SHC 40 DE SUCCION DE BOMBAS DESDE EL TANQUE AL CABEZAL, SEGÚN PLANOS SUMINISTRADOS POR CEPSA. INCLUYE S/T/I DE 03 VALVULAS DE COMPUERTA RATING 150 LB EN ACERO AL CARBONO, TORNILLERIA, EMPACADURAS, BRIDAS SLIP-ON FF 150 LBS Y CI",,,,6,1.5,8,ML,,
011550,,,2.2.13,3,CILINDRO DE OXIGENO OXIROGA (CIL),,,0.166666666666667,0.166666666666667,,,CIL,37.2873,
001298,,,2.2.13,3,DISCO DE CORTE 7 PLG EXTRAFINO  ACERO,,,0.833333333333333,0.833333333333333,,,Pza,1.6496,
001329,,,2.2.13,3,DISCO DESBASTE DIAMETRO 7 PULGADAS METAL,,,0.5,0.5,,,Pza,3.4724,
001358,,,2.2.13,3,ELECTRODO E 7018 ARCO ELEC PARA AC DIAM 1/8 X L 350 MM ,,,1.33333333333333,1.33333333333333,,,kg,4.0267,
001681,,,2.2.13,3,FONDO ANTICORROSIVO GRIS,,,0.083333,0.083333,,,galon,39.9432,
001714,,,2.2.13,3,GAS PROPANO (RECARGA),,,0.75,0.75,,,kg,0.5,
013916,,,2.2.13,3,PINTURA ESMALTE ALQUIDICO COLOR MARRON TIERRA RAL 8028,,,0.166666666666667,0.166666666666667,,,galon,57.75,
003197,,,2.2.13,3,THINNER ACRILICO,,,0.166666666666667,0.166666666666667,,,galon,11.9233,
003432,,,2.2.13,3,TORNILLO H/N HEX 3/4 X 4 PLG G-5,,,8,8,,,Pza,1.29,
003546,,,2.2.13,3,TRAPOS DE LIMPIEZA ( SACO),,,0.166666666666667,0.166666666666667,,,Saco,35,
003587,,,2.2.13,3,"TUBERIA AI SC D NOMI 8"" ESP 0,322 LONG 5,8 M AISI 304",,,0.166666666666667,0.166666666666667,,,Pza,990,
003755,,,2.2.13,3,"TUERCA ASTM A-194 GR 2H 3/4""",,,8,8,,,Pza,1,
016425,,,2.2.13,3,"EMPACADURA ESPIROMETALICA 8"" RATING 150 PSI ARO METALIC",,,1,1,,,Pza,80,
004037,,,2.2.13,3,"VALVULA TIPO COMPUERTA 8"" RATING 150 PSI CUERPO EN ACER",,,0.5,0.5,,,Pza,1820,
004037,,,2.2.13,3,"BRIDA CIEGA 8"" ACERO AL CARBONO ASTM-A 105 FF 150 PSI",,,0.5,0.5,,,Pza,200,
001056,,,2.2.13,3,CODO 90º RC AC BW 8 PLG SCH 40 MATERIAL WPB A 234,,,0.5,0.5,,,Pza,145.11,
000533,,,2.2.13,3,BRIDA SLIP ON ASTM-A 105/150 8 PLG (Pza),,,1,1,,,Unidades,130,
000546,,,2.2.13,3,"BROCHA 4"" MATERIAL MANGO PLASTICO CERDA NATURAL",,,0.333333333333333,0.333333333333333,,,Pza,1.9799,
001532,,,2.2.13,4,FABRICADOR 1RA,,,1,5.33333333333333,,,Horas,1.6425,13.14
000307,,,2.2.13,4,AYUDANTE,,,3,16,,,Horas,1.19125,9.53
003014,,,2.2.13,4,SUPERVISOR DE SEGURIDAD,,,0.25,1.33333333333333,,,Horas,2.49625,19.97
000767,,,2.2.13,4,CAPATAZ,,,1,5.33333333333333,,,Horas,2.2075,17.66
002998,,,2.2.13,4,SOLDADOR DE 1ERA,,,1,5.33333333333333,,,Horas,1.56875,12.55
002217,,,2.2.13,4,MECANICO 1RA,,,1,5.33333333333333,,,Horas,1.6425,13.14
004570,,,2.2.13,5,EXTENSION ELECTRICA-ESTANDAR,,,1,5.33333333333333,,,Horas,0.17125,1.37
004729,,,2.2.13,5,FORMALETAS PARA ANDAMIO,,,1,5.33333333333333,,,Horas,0.0625,0.5
004746,,,2.2.13,5,KIT DE HERRAMIENTAS MENORES,,,1,5.33333333333333,,,Horas,0.2625,2.1
004731,,,2.2.13,5,MANDARRIA 2KG,,,1,5.33333333333333,,,Horas,0.03125,0.25
007981,,,2.2.13,5,CARRETILLA DE 2 RUEDAS (CARRUCHA),,,1,5.33333333333333,,,Horas,0.325,2.6
004658,,,2.2.13,5,SOLDADORA ELECTRICA-450 DC,,,0.25,1.33333333333333,,,Horas,5.125,41
004757,,,2.2.13,5,CUERPO DE ANDAMIO,,,1,5.33333333333333,,,Horas,0.1875,1.5
004557,,,2.2.13,5,EQUIPO DE OXICORTE-HARRIS / VICTOR,,,1,5.33333333333333,,,Horas,0.995,7.96
004562,,,2.2.13,5,ESMERIL 7´´-VARIOS,,,1,5.33333333333333,,,Horas,0.51125,4.09
2.2.14,,,2.2,2,"S/T/I DE TUBERIA DE DESCARGA DE LAS BOMBAS HACIA EL ENFRIADOR DE MELAZA Y AGUA CALIENTE NPS 6"" SCH 40 EN ACERO AL CARBONO. INCLUYE S/T/I CODOS SCH40 EN ACERO AL CARBONO , 03 VALVULAS DE COMPUERTA EN ACERO AL CARBONO RATING 150 LBS, BRIDAS FF SLIP-ON 150 L",,,,15,3,8,ML,,
011550,,,2.2.14,3,CILINDRO DE OXIGENO OXIROGA (CIL),,,6.66666666666667E-02,6.66666666666667E-02,,,CIL,37.2873,
001298,,,2.2.14,3,DISCO DE CORTE 7 PLG EXTRAFINO  ACERO,,,0.833333333333333,0.833333333333333,,,Pza,1.6496,
001329,,,2.2.14,3,DISCO DESBASTE DIAMETRO 7 PULGADAS METAL,,,0.5,0.5,,,Pza,3.4724,
001358,,,2.2.14,3,ELECTRODO E 7018 ARCO ELEC PARA AC DIAM 1/8 X L 350 MM ,,,1,1,,,kg,4.0267,
011582,,,2.2.14,3,"EMPACADURA ESPIROMETALICA 6"" RATING 150 PSI ARO METALIC",,,0.4,0.4,,,Pza,65,
001681,,,2.2.14,3,FONDO ANTICORROSIVO GRIS,,,6.66666666666667E-02,6.66666666666667E-02,,,galon,39.9432,
001714,,,2.2.14,3,GAS PROPANO (RECARGA),,,0.5,0.5,,,kg,0.5,
013916,,,2.2.14,3,PINTURA ESMALTE ALQUIDICO COLOR MARRON TIERRA RAL 8028,,,6.66666666666667E-02,6.66666666666667E-02,,,galon,57.75,
003197,,,2.2.14,3,THINNER ACRILICO,,,6.66666666666667E-02,6.66666666666667E-02,,,galon,11.9233,
003432,,,2.2.14,3,TORNILLO H/N HEX 3/4 X 4 PLG G-5,,,3.2,3.2,,,Pza,1.29,
003546,,,2.2.14,3,TRAPOS DE LIMPIEZA ( SACO),,,6.66666666666667E-02,6.66666666666667E-02,,,Saco,35,
014942,,,2.2.14,3,"TUBERIA AC SC D NOMI 6"" SCH 40 LONG 5,8 M A-53",,,0.2,0.2,,,Pza,633,
003755,,,2.2.14,3,"TUERCA ASTM A-194 GR 2H 3/4""",,,3.2,3.2,,,Pza,1,
004037,,,2.2.14,3,"VALVULA TIPO COMPUERTA 6"" RATING 150 PSI CUERPO EN ACER",,,0.2,0.2,,,Pza,1120,
004037,,,2.2.14,3,"BRIDA CIEGA 6"" ACERO AL CARBONO ASTM-A 105 FF 150 PSI",,,0.2,0.2,,,Pza,120,
004037,,,2.2.14,3,CODO 90º RC AC BW 6 PLG SCH 40 MATERIAL WPB A 234,,,0.4,0.4,,,Pza,80,
000529,,,2.2.14,3,"BRIDA SLIP ON 6"" ASTM A-105 RATING #150",,,0.4,0.4,,,Pza,63,
000546,,,2.2.14,3,"BROCHA 4"" MATERIAL MANGO PLASTICO CERDA NATURAL",,,0.333333333333333,0.333333333333333,,,Pza,1.9799,
001532,,,2.2.14,4,FABRICADOR 1RA,,,1,2.66666666666667,,,Horas,1.6425,13.14
000307,,,2.2.14,4,AYUDANTE,,,3,8,,,Horas,1.19125,9.53
003014,,,2.2.14,4,SUPERVISOR DE SEGURIDAD,,,0.25,0.666666666666667,,,Horas,2.49625,19.97
000767,,,2.2.14,4,CAPATAZ,,,1,2.66666666666667,,,Horas,2.2075,17.66
002998,,,2.2.14,4,SOLDADOR DE 1ERA,,,1,2.66666666666667,,,Horas,1.56875,12.55
002217,,,2.2.14,4,MECANICO 1RA,,,1,2.66666666666667,,,Horas,1.6425,13.14
004570,,,2.2.14,5,EXTENSION ELECTRICA-ESTANDAR,,,1,2.66666666666667,,,Horas,0.17125,1.37
004729,,,2.2.14,5,FORMALETAS PARA ANDAMIO,,,1,2.66666666666667,,,Horas,0.0625,0.5
004746,,,2.2.14,5,KIT DE HERRAMIENTAS MENORES,,,1,2.66666666666667,,,Horas,0.2625,2.1
004731,,,2.2.14,5,MANDARRIA 2KG,,,1,2.66666666666667,,,Horas,0.03125,0.25
007981,,,2.2.14,5,CARRETILLA DE 2 RUEDAS (CARRUCHA),,,1,2.66666666666667,,,Horas,0.325,2.6
004658,,,2.2.14,5,SOLDADORA ELECTRICA-450 DC,,,0.25,0.666666666666667,,,Horas,5.125,41
004757,,,2.2.14,5,CUERPO DE ANDAMIO,,,1,2.66666666666667,,,Horas,0.1875,1.5
004557,,,2.2.14,5,EQUIPO DE OXICORTE-HARRIS / VICTOR,,,1,2.66666666666667,,,Horas,0.995,7.96
004562,,,2.2.14,5,ESMERIL 7´´-VARIOS,,,1,2.66666666666667,,,Horas,0.51125,4.09
2.2.15,,,2.2,2,"S/T/I DE TUBERIA DE DESCARGA DE AGUA CALIENTE (SALIDA ENFRIADOR) NPS 6"" SCH 40 EN ACERO AL CARBONO. INCLUYE S/T/I CODOS SCH40 Y BRIDAS FF RATING 150 EN ACERO AL CARBONO INCLUYE APLICACION DE FONDO ANTICORROSIVO Y PINTURA ESMALTE COLOR VERDE CON FRANJAS BL",,,,15,3,8,ML,,
011550,,,2.2.15,3,CILINDRO DE OXIGENO OXIROGA (CIL),,,6.66666666666667E-02,6.66666666666667E-02,,,CIL,37.2873,
001298,,,2.2.15,3,DISCO DE CORTE 7 PLG EXTRAFINO  ACERO,,,0.833333333333333,0.833333333333333,,,Pza,1.6496,
001329,,,2.2.15,3,DISCO DESBASTE DIAMETRO 7 PULGADAS METAL,,,0.5,0.5,,,Pza,3.4724,
001358,,,2.2.15,3,ELECTRODO E 7018 ARCO ELEC PARA AC DIAM 1/8 X L 350 MM ,,,1,1,,,kg,4.0267,
011582,,,2.2.15,3,"EMPACADURA ESPIROMETALICA 6"" RATING 150 PSI ARO METALIC",,,0.266666666666667,0.266666666666667,,,Pza,65,
001681,,,2.2.15,3,FONDO ANTICORROSIVO GRIS,,,6.66666666666667E-02,6.66666666666667E-02,,,galon,39.9432,
001714,,,2.2.15,3,GAS PROPANO (RECARGA),,,0.5,0.5,,,kg,0.5,
013916,,,2.2.15,3,PINTURA ESMALTE ALQUIDICO COLOR MARRON TIERRA RAL 8028,,,6.66666666666667E-02,6.66666666666667E-02,,,galon,57.75,
003197,,,2.2.15,3,THINNER ACRILICO,,,6.66666666666667E-02,6.66666666666667E-02,,,galon,11.9233,
014942,,,2.2.15,3,"TUBERIA AC SC D NOMI 6"" SCH 40 LONG 5,8 M A-53",,,0.2,0.2,,,Pza,633,
004037,,,2.2.15,3,"BRIDA CIEGA 6"" ACERO AL CARBONO ASTM-A 105 FF 150 PSI",,,0.133333333333333,0.133333333333333,,,Pza,120,
004037,,,2.2.15,3,CODO 90º RC AC BW 6 PLG SCH 40 MATERIAL WPB A 234,,,0.4,0.4,,,Pza,80,
000529,,,2.2.15,3,"BRIDA SLIP ON 6"" ASTM A-105 RATING #150",,,0.266666666666667,0.266666666666667,,,Pza,63,
000546,,,2.2.15,3,"BROCHA 4"" MATERIAL MANGO PLASTICO CERDA NATURAL",,,0.333333333333333,0.333333333333333,,,Pza,1.9799,
001532,,,2.2.15,4,FABRICADOR 1RA,,,1,2.66666666666667,,,Horas,1.6425,13.14
000307,,,2.2.15,4,AYUDANTE,,,4,10.6666666666667,,,Horas,1.19125,9.53
003014,,,2.2.15,4,SUPERVISOR DE SEGURIDAD,,,0.25,0.666666666666667,,,Horas,2.49625,19.97
000767,,,2.2.15,4,CAPATAZ,,,1,2.66666666666667,,,Horas,2.2075,17.66
002998,,,2.2.15,4,SOLDADOR DE 1ERA,,,1,2.66666666666667,,,Horas,1.56875,12.55
002217,,,2.2.15,4,MECANICO 1RA,,,1,2.66666666666667,,,Horas,1.6425,13.14
004570,,,2.2.15,5,EXTENSION ELECTRICA-ESTANDAR,,,1,2.66666666666667,,,Horas,0.17125,1.37
004729,,,2.2.15,5,FORMALETAS PARA ANDAMIO,,,1,2.66666666666667,,,Horas,0.0625,0.5
004746,,,2.2.15,5,KIT DE HERRAMIENTAS MENORES,,,1,2.66666666666667,,,Horas,0.2625,2.1
004731,,,2.2.15,5,MANDARRIA 2KG,,,1,2.66666666666667,,,Horas,0.03125,0.25
007981,,,2.2.15,5,CARRETILLA DE 2 RUEDAS (CARRUCHA),,,1,2.66666666666667,,,Horas,0.325,2.6
004658,,,2.2.15,5,SOLDADORA ELECTRICA-450 DC,,,0.25,0.666666666666667,,,Horas,5.125,41
004757,,,2.2.15,5,CUERPO DE ANDAMIO,,,1,2.66666666666667,,,Horas,0.1875,1.5
004557,,,2.2.15,5,EQUIPO DE OXICORTE-HARRIS / VICTOR,,,1,2.66666666666667,,,Horas,0.995,7.96
004562,,,2.2.15,5,ESMERIL 7´´-VARIOS,,,1,2.66666666666667,,,Horas,0.51125,4.09
2.2.16,,,2.2,2,S/T/I DE 2 BY-PASS (ENTRADA DE LA ROMANA Y ENTRADA DE MELAZA AL INTERCAMBIADOR) CON 2 VALVULAS DE MARIPOSA TIPO WAFFER CON TODO LO NECESARIO PARA SU INSTALACION.,,,,2,0.45,8,PZA,,
011550,,,2.2.16,3,CILINDRO DE OXIGENO OXIROGA (CIL),,,0.5,0.5,,,CIL,37.2873,
001298,,,2.2.16,3,DISCO DE CORTE 7 PLG EXTRAFINO  ACERO,,,2.5,2.5,,,Pza,1.6496,
001329,,,2.2.16,3,DISCO DESBASTE DIAMETRO 7 PULGADAS METAL,,,1.5,1.5,,,Pza,3.4724,
001358,,,2.2.16,3,ELECTRODO E 7018 ARCO ELEC PARA AC DIAM 1/8 X L 350 MM ,,,7.5,7.5,,,kg,4.0267,
011582,,,2.2.16,3,"EMPACADURA ESPIROMETALICA 6"" RATING 150 PSI ARO METALIC",,,2,2,,,Pza,65,
001681,,,2.2.16,3,FONDO ANTICORROSIVO GRIS,,,0.5,0.5,,,galon,39.9432,
001714,,,2.2.16,3,GAS PROPANO (RECARGA),,,2.25,2.25,,,kg,0.5,
013916,,,2.2.16,3,PINTURA ESMALTE ALQUIDICO COLOR MARRON TIERRA RAL 8028,,,0.5,0.5,,,galon,57.75,
003197,,,2.2.16,3,THINNER ACRILICO,,,0.5,0.5,,,galon,11.9233,
003432,,,2.2.16,3,TORNILLO H/N HEX 3/4 X 4 PLG G-5,,,8,8,,,Pza,1.29,
014942,,,2.2.16,3,"TUBERIA AC SC D NOMI 6"" SCH 40 LONG 5,8 M A-53",,,1,1,,,Pza,633,
003755,,,2.2.16,3,"TUERCA ASTM A-194 GR 2H 3/4""",,,8,8,,,Pza,1,
004037,,,2.2.16,3,"Valvula de mariposa tipo waffer de 6""",,,2,2,,,UNIDAD,280,
004037,,,2.2.16,3,CODO 90º RC AC BW 6 PLG SCH 40 MATERIAL WPB A 234,,,2,2,,,Pza,80,
000529,,,2.2.16,3,"BRIDA SLIP ON 6"" ASTM A-105 RATING #150",,,2,2,,,Pza,63,
000546,,,2.2.16,3,"BROCHA 4"" MATERIAL MANGO PLASTICO CERDA NATURAL",,,1,1,,,Pza,1.9799,
001532,,,2.2.16,4,FABRICADOR 1RA,,,1,17.7777782487281,,,Horas,1.6425,13.14
000307,,,2.2.16,4,AYUDANTE,,,3,53.3333347461842,,,Horas,1.19125,9.53
003014,,,2.2.16,4,SUPERVISOR DE SEGURIDAD,,,0.25,4.44444456218202,,,Horas,2.49625,19.97
000767,,,2.2.16,4,CAPATAZ,,,1,17.7777782487281,,,Horas,2.2075,17.66
002998,,,2.2.16,4,SOLDADOR DE 1ERA,,,1,17.7777782487281,,,Horas,1.56875,12.55
002217,,,2.2.16,4,MECANICO 1RA,,,1,17.7777782487281,,,Horas,1.6425,13.14
004570,,,2.2.16,5,EXTENSION ELECTRICA-ESTANDAR,,,1,17.7777782487281,,,Horas,0.17125,1.37
004729,,,2.2.16,5,FORMALETAS PARA ANDAMIO,,,2,35.5555564974561,,,Horas,0.0625,0.5
004746,,,2.2.16,5,KIT DE HERRAMIENTAS MENORES,,,1,17.7777782487281,,,Horas,0.2625,2.1
004731,,,2.2.16,5,MANDARRIA 2KG,,,1,17.7777782487281,,,Horas,0.03125,0.25
007981,,,2.2.16,5,CARRETILLA DE 2 RUEDAS (CARRUCHA),,,1,17.7777782487281,,,Horas,0.325,2.6
004658,,,2.2.16,5,SOLDADORA ELECTRICA-450 DC,,,0.25,4.44444456218202,,,Horas,5.125,41
004757,,,2.2.16,5,CUERPO DE ANDAMIO,,,2,35.5555564974561,,,Horas,0.1875,1.5
004557,,,2.2.16,5,EQUIPO DE OXICORTE-HARRIS / VICTOR,,,1,17.7777782487281,,,Horas,0.995,7.96
004562,,,2.2.16,5,ESMERIL 7´´-VARIOS,,,1,17.7777782487281,,,Horas,0.51125,4.09
2.2.17,,,2.2,2,"S/T/I DE TUBERIA NPS 6"" SCH 40 EN ACERO AL CARBONO, PARA COLOCACION DE TOMA DE AGUA FRIA HACIA EL ENFRIADOR DE MELAZA (INCLUYE CODOS Y ACCESORIOS). INCLUYE S/T/I DE 1 VALVULA DE MARIPOSA TIPO WAFFER NPS 6"" CON TODO LO NECESARIO PARA SU INSTALACION. INCLUY",,,,3,1.5,8,ML,,
011550,,,2.2.17,3,CILINDRO DE OXIGENO OXIROGA (CIL),,,0.5,0.5,,,CIL,37.2873,
001298,,,2.2.17,3,DISCO DE CORTE 7 PLG EXTRAFINO  ACERO,,,2.5,2.5,,,Pza,1.6496,
001329,,,2.2.17,3,DISCO DESBASTE DIAMETRO 7 PULGADAS METAL,,,1.5,1.5,,,Pza,3.4724,
001358,,,2.2.17,3,ELECTRODO E 7018 ARCO ELEC PARA AC DIAM 1/8 X L 350 MM ,,,7.5,7.5,,,kg,4.0267,
011582,,,2.2.17,3,"EMPACADURA ESPIROMETALICA 6"" RATING 150 PSI ARO METALIC",,,1.33333,1.33333,,,Pza,65,
001681,,,2.2.17,3,FONDO ANTICORROSIVO GRIS,,,0.5,0.5,,,galon,39.9432,
001714,,,2.2.17,3,GAS PROPANO (RECARGA),,,2.25,2.25,,,kg,0.5,
013916,,,2.2.17,3,PINTURA ESMALTE ALQUIDICO COLOR MARRON TIERRA RAL 8028,,,0.5,0.5,,,galon,57.75,
003197,,,2.2.17,3,THINNER ACRILICO,,,0.5,0.5,,,galon,11.9233,
003432,,,2.2.17,3,TORNILLO H/N HEX 3/4 X 4 PLG G-5,,,5.33333333333333,5.33333333333333,,,Pza,1.29,
014942,,,2.2.17,3,"TUBERIA AC SC D NOMI 6"" SCH 40 LONG 5,8 M A-53",,,0.222222222222222,0.222222222222222,,,Pza,633,
003755,,,2.2.17,3,"TUERCA ASTM A-194 GR 2H 3/4""",,,5.33333333333333,5.33333333333333,,,Pza,1,
004037,,,2.2.17,3,"Valvula de mariposa tipo waffer de 6""",,,0.33333333,0.33333333,,,UNIDAD,280,
004037,,,2.2.17,3,CODO 90º RC AC BW 6 PLG SCH 40 MATERIAL WPB A 234,,,1.66666666666667,1.66666666666667,,,Pza,80,
000529,,,2.2.17,3,"BRIDA SLIP ON 6"" ASTM A-105 RATING #150",,,1.333333,1.333333,,,Pza,63,
000546,,,2.2.17,3,"BROCHA 4"" MATERIAL MANGO PLASTICO CERDA NATURAL",,,1,1,,,Pza,1.9799,
001532,,,2.2.17,4,FABRICADOR 1RA,,,1,5.33333333333333,,,Horas,1.6425,13.14
000307,,,2.2.17,4,AYUDANTE,,,3,16,,,Horas,1.19125,9.53
003014,,,2.2.17,4,SUPERVISOR DE SEGURIDAD,,,0.25,1.33333333333333,,,Horas,2.49625,19.97
000767,,,2.2.17,4,CAPATAZ,,,1,5.33333333333333,,,Horas,2.2075,17.66
002998,,,2.2.17,4,SOLDADOR DE 1ERA,,,1,5.33333333333333,,,Horas,1.56875,12.55
002217,,,2.2.17,4,MECANICO 1RA,,,1,5.33333333333333,,,Horas,1.6425,13.14
004570,,,2.2.17,5,EXTENSION ELECTRICA-ESTANDAR,,,1,5.33333333333333,,,Horas,0.17125,1.37
004729,,,2.2.17,5,FORMALETAS PARA ANDAMIO,,,2,10.6666666666667,,,Horas,0.0625,0.5
004746,,,2.2.17,5,KIT DE HERRAMIENTAS MENORES,,,1,5.33333333333333,,,Horas,0.2625,2.1
004731,,,2.2.17,5,MANDARRIA 2KG,,,1,5.33333333333333,,,Horas,0.03125,0.25
007981,,,2.2.17,5,CARRETILLA DE 2 RUEDAS (CARRUCHA),,,1,5.33333333333333,,,Horas,0.325,2.6
004658,,,2.2.17,5,SOLDADORA ELECTRICA-450 DC,,,0.25,1.33333333333333,,,Horas,5.125,41
004757,,,2.2.17,5,CUERPO DE ANDAMIO,,,2,10.6666666666667,,,Horas,0.1875,1.5
004557,,,2.2.17,5,EQUIPO DE OXICORTE-HARRIS / VICTOR,,,1,5.33333333333333,,,Horas,0.995,7.96
004562,,,2.2.17,5,ESMERIL 7´´-VARIOS,,,1,5.33333333333333,,,Horas,0.51125,4.09
2.2.18,,,2.2,2,"S/T/I DE TUBERIA NPS 6"" SCH 40 EN ACERO AL CARBONO, PARA DESCARGA DE MELAZA HACIA LOS TANQUES EXTERIORES (INCLUYE CODOS Y ACCESORIOS). INCLUYE APLICACION DE FONDO ANTICORROSIVO Y PINTURA ESMALTE COLOR VERDE.",,,,4,2.5,8,ML,,
011550,,,2.2.18,3,CILINDRO DE OXIGENO OXIROGA (CIL),,,0.5,0.5,,,CIL,37.2873,
001298,,,2.2.18,3,DISCO DE CORTE 7 PLG EXTRAFINO  ACERO,,,2.5,2.5,,,Pza,1.6496,
001329,,,2.2.18,3,DISCO DESBASTE DIAMETRO 7 PULGADAS METAL,,,1.5,1.5,,,Pza,3.4724,
001358,,,2.2.18,3,ELECTRODO E 7018 ARCO ELEC PARA AC DIAM 1/8 X L 350 MM ,,,7.5,7.5,,,kg,4.0267,
011582,,,2.2.18,3,"EMPACADURA ESPIROMETALICA 6"" RATING 150 PSI ARO METALIC",,,1,1,,,Pza,65,
001681,,,2.2.18,3,FONDO ANTICORROSIVO GRIS,,,0.5,0.5,,,galon,39.9432,
001714,,,2.2.18,3,GAS PROPANO (RECARGA),,,2.25,2.25,,,kg,0.5,
013916,,,2.2.18,3,PINTURA ESMALTE ALQUIDICO COLOR MARRON TIERRA RAL 8028,,,0.5,0.5,,,galon,57.75,
003197,,,2.2.18,3,THINNER ACRILICO,,,0.5,0.5,,,galon,11.9233,
003432,,,2.2.18,3,TORNILLO H/N HEX 3/4 X 4 PLG G-5,,,5.33333333333333,5.33333333333333,,,Pza,1.29,
014942,,,2.2.18,3,"TUBERIA AC SC D NOMI 6"" SCH 40 LONG 5,8 M A-53",,,0.166666666666667,0.166666666666667,,,Pza,633,
003755,,,2.2.18,3,"TUERCA ASTM A-194 GR 2H 3/4""",,,5.33333333333333,5.33333333333333,,,Pza,1,
004037,,,2.2.18,3,"Valvula de mariposa tipo waffer de 6""",,,0.25,0.25,,,UNIDAD,280,
004037,,,2.2.18,3,CODO 90º RC AC BW 6 PLG SCH 40 MATERIAL WPB A 234,,,1.25,1.25,,,Pza,80,
000529,,,2.2.18,3,"BRIDA SLIP ON 6"" ASTM A-105 RATING #150",,,1,1,,,Pza,63,
000546,,,2.2.18,3,"BROCHA 4"" MATERIAL MANGO PLASTICO CERDA NATURAL",,,1,1,,,Pza,1.9799,
001532,,,2.2.18,4,FABRICADOR 1RA,,,1,3.2,,,Horas,1.6425,13.14
000307,,,2.2.18,4,AYUDANTE,,,4,12.8,,,Horas,1.19125,9.53
003014,,,2.2.18,4,SUPERVISOR DE SEGURIDAD,,,0.25,0.8,,,Horas,2.49625,19.97
000767,,,2.2.18,4,CAPATAZ,,,1,3.2,,,Horas,2.2075,17.66
002998,,,2.2.18,4,SOLDADOR DE 1ERA,,,1,3.2,,,Horas,1.56875,12.55
002217,,,2.2.18,4,MECANICO 1RA,,,1,3.2,,,Horas,1.6425,13.14
004570,,,2.2.18,5,EXTENSION ELECTRICA-ESTANDAR,,,1,3.2,,,Horas,0.17125,1.37
004729,,,2.2.18,5,FORMALETAS PARA ANDAMIO,,,2,6.4,,,Horas,0.0625,0.5
004746,,,2.2.18,5,KIT DE HERRAMIENTAS MENORES,,,1,3.2,,,Horas,0.2625,2.1
004731,,,2.2.18,5,MANDARRIA 2KG,,,1,3.2,,,Horas,0.03125,0.25
007981,,,2.2.18,5,CARRETILLA DE 2 RUEDAS (CARRUCHA),,,1,3.2,,,Horas,0.325,2.6
004658,,,2.2.18,5,SOLDADORA ELECTRICA-450 DC,,,0.25,0.8,,,Horas,5.125,41
004757,,,2.2.18,5,CUERPO DE ANDAMIO,,,2,6.4,,,Horas,0.1875,1.5
004557,,,2.2.18,5,EQUIPO DE OXICORTE-HARRIS / VICTOR,,,1,3.2,,,Horas,0.995,7.96
004562,,,2.2.18,5,ESMERIL 7´´-VARIOS,,,1,3.2,,,Horas,0.51125,4.09
2.2.19,,,2.2,2,"S/T/I DE TUBERIA DE RETORNO  DE MELAZA DE NPS 4"" SCH 40 EN ACERO AL CARBONO . ",,,,2,6,8,ML,,
011550,,,2.2.19,3,CILINDRO DE OXIGENO OXIROGA (CIL),,,0.25,0.25,,,CIL,37.2873,
001298,,,2.2.19,3,DISCO DE CORTE 7 PLG EXTRAFINO  ACERO,,,2.5,2.5,,,Pza,1.6496,
001329,,,2.2.19,3,DISCO DESBASTE DIAMETRO 7 PULGADAS METAL,,,1,1,,,Pza,3.4724,
001353,,,2.2.19,3,ELECTRODO E 6010 ARCO ELECT PARA AC DIAM 1/8 X L 350 MM,,,2.5,2.5,,,kg,4.0751,
001714,,,2.2.19,3,GAS PROPANO (RECARGA),,,2.25,2.25,,,kg,0.5,
014857,,,2.2.19,3,"TUBERIA AC SC D NOMI 4"" PLG ESP 0,203 PLG SCH 40 LONG 5",,,0.25,0.25,,,Pza,358,
001532,,,2.2.19,4,FABRICADOR 1RA,,,1,1.33333333333333,,,Horas,1.6425,13.14
000307,,,2.2.19,4,AYUDANTE,,,2,2.66666666666667,,,Horas,1.19125,9.53
003014,,,2.2.19,4,SUPERVISOR DE SEGURIDAD,,,0.25,0.333333333333333,,,Horas,2.49625,19.97
000767,,,2.2.19,4,CAPATAZ,,,1,1.33333333333333,,,Horas,2.2075,17.66
002998,,,2.2.19,4,SOLDADOR DE 1ERA,,,1,1.33333333333333,,,Horas,1.56875,12.55
004570,,,2.2.19,5,EXTENSION ELECTRICA-ESTANDAR,,,1,1.33333333333333,,,Horas,0.17125,1.37
004731,,,2.2.19,5,MANDARRIA 2KG,,,1,1.33333333333333,,,Horas,0.03125,0.25
008135,,,2.2.19,5,SEÑORITA DE CADENA 1 1/2 TON,,,1,1.33333333333333,,,Horas,0.3125,2.5
004653,,,2.2.19,5,SEÑORITA-RATCHET 1.1/2TON,,,1,1.33333333333333,,,Horas,0.2825,2.26
004658,,,2.2.19,5,SOLDADORA ELECTRICA-450 DC,,,0.25,0.333333333333333,,,Horas,5.125,41
004557,,,2.2.19,5,EQUIPO DE OXICORTE-HARRIS / VICTOR,,,1,1.33333333333333,,,Horas,0.995,7.96
004562,,,2.2.19,5,ESMERIL 7´´-VARIOS,,,1,1.33333333333333,,,Horas,0.51125,4.09
2.2.20,,,2.2,2,"S/T/I DE  VALVULA DE ALIVIO DE PRESION PILOTADA NPS 4"", RANGO DE AJUSTE ENTRE 120-175 PSI (MODULADO), EN ACERO AL CARBONO, PARA LINEA DE ALIVIO",,,,1,2,8,PZA,,
001389,,,2.2.20,3,"EMPACADURA ESPIROMETALICA 4""",,,1,1,,,Pza,55,
000263,,,2.2.20,3,"ARANDELA PLANA H/N 3/4""",,,4,4,,,Pza,0.1462,
003432,,,2.2.20,3,TORNILLO H/N HEX 3/4 X 4 PLG G-5,,,4,4,,,Pza,1.29,
003755,,,2.2.20,3,"TUERCA ASTM A-194 GR 2H 3/4""",,,4,4,,,Pza,1,
004037,,,2.2.20,3,"Valvula de alivio pilotada 4"" r 120-175 PSI VYC, TNEHOD",,,1,1,,,UNIDAD,2500,
000307,,,2.2.20,4,AYUDANTE,,,2,8,,,Horas,1.19125,9.53
003014,,,2.2.20,4,SUPERVISOR DE SEGURIDAD,,,0.25,1,,,Horas,2.49625,19.97
000767,,,2.2.20,4,CAPATAZ,,,1,4,,,Horas,2.2075,17.66
002217,,,2.2.20,4,MECANICO 1RA,,,1,4,,,Horas,1.6425,13.14
004729,,,2.2.20,5,FORMALETAS PARA ANDAMIO,,,1,4,,,Horas,0.0625,0.5
008265,,,2.2.20,5,JUEGO DE DADOS CUD 3/4 PULG 23 PZA,,,1,4,,,Horas,0.25,2
004556,,,2.2.20,5,JUEGO DESTORNILLADOR-6PZA,,,1,4,,,Horas,0.13625,1.09
015788,,,2.2.20,5,JUEGO LLAVES COMBINADA COMBO MM/PULG 20PZA,,,1,4,,,Horas,0.125,1
004731,,,2.2.20,5,MANDARRIA 2KG,,,1,4,,,Horas,0.03125,0.25
004757,,,2.2.20,5,CUERPO DE ANDAMIO,,,1,4,,,Horas,0.1875,1.5
2.3,,,,1,INTERCAMBIADOR DE CALOR DE PLACAS (ENFRIADOR),,,,,,,,,
2.3.1,,,2.3,2,"S/T/F DE ESTRUCTURA DE SOPORTE DE INTERCAMBIADOR DE CALOR DE PLACAS, EMPLEANDO VIGAS UPN 140. MEDIDAS SEGÚN PLANO SUMINISTRADO POR CEPSA. INCLUYE S/T/A DE FONDO ANTICORROSIVO Y PINTURA ESMALTE COLOR VERDE PALMAR.",,,,115,140.8,8,KG,,
011550,,,2.3.1,3,CILINDRO DE OXIGENO OXIROGA (CIL),,,2.8409090909091E-03,2.8409090909091E-03,,,CIL,37.2873,
001298,,,2.3.1,3,DISCO DE CORTE 7 PLG EXTRAFINO  ACERO,,,1.42045454545455E-02,1.42045454545455E-02,,,Pza,1.6496,
001329,,,2.3.1,3,DISCO DESBASTE DIAMETRO 7 PULGADAS METAL,,,8.5227272727273E-03,8.5227272727273E-03,,,Pza,3.4724,
001358,,,2.3.1,3,ELECTRODO E 7018 ARCO ELEC PARA AC DIAM 1/8 X L 350 MM ,,,2.27272727272727E-02,2.27272727272727E-02,,,kg,4.0267,
001681,,,2.3.1,3,FONDO ANTICORROSIVO GRIS,,,7.10227272727273E-04,7.10227272727273E-04,,,galon,39.9432,
001714,,,2.3.1,3,GAS PROPANO (RECARGA),,,1.27840909090909E-02,1.27840909090909E-02,,,kg,0.5,
013916,,,2.3.1,3,PINTURA ESMALTE ALQUIDICO COLOR MARRON TIERRA RAL 8028,,,1.4204545454545E-03,1.4204545454545E-03,,,galon,57.75,
003197,,,2.3.1,3,THINNER ACRILICO,,,1.4204545454545E-03,1.4204545454545E-03,,,galon,11.9233,
003988,,,2.3.1,3,VIGA  AC SECCION IPN ALT 140 MM ALA 66 MM LONG 6 M MATE,,,1.01449275362319E-02,1.01449275362319E-02,,,Pza,203.5,
000546,,,2.3.1,3,"BROCHA 4"" MATERIAL MANGO PLASTICO CERDA NATURAL",,,5.6818181818182E-03,5.6818181818182E-03,,,Pza,1.9799,
001532,,,2.3.1,4,FABRICADOR 1RA,,,1,5.68181805866809E-02,,,Horas,1.6425,13.14
000307,,,2.3.1,4,AYUDANTE,,,2,0.113636361173362,,,Horas,1.19125,9.53
003014,,,2.3.1,4,SUPERVISOR DE SEGURIDAD,,,0.25,1.42045451466702E-02,,,Horas,2.49625,19.97
000767,,,2.3.1,4,CAPATAZ,,,1,5.68181805866809E-02,,,Horas,2.2075,17.66
002998,,,2.3.1,4,SOLDADOR DE 1ERA,,,1,5.68181805866809E-02,,,Horas,1.56875,12.55
004570,,,2.3.1,5,EXTENSION ELECTRICA-ESTANDAR,,,1,5.68181805866809E-02,,,Horas,0.17125,1.37
004746,,,2.3.1,5,KIT DE HERRAMIENTAS MENORES,,,1,5.68181805866809E-02,,,Horas,0.2625,2.1
004731,,,2.3.1,5,MANDARRIA 2KG,,,1,5.68181805866809E-02,,,Horas,0.03125,0.25
008135,,,2.3.1,5,SEÑORITA DE CADENA 1 1/2 TON,,,1,5.68181805866809E-02,,,Horas,0.3125,2.5
004653,,,2.3.1,5,SEÑORITA-RATCHET 1.1/2TON,,,1,5.68181805866809E-02,,,Horas,0.2825,2.26
004602,,,2.3.1,5,SOLDADORA ELECTRICA-CD/DC 250,,,0.25,1.42045451466702E-02,,,Horas,5.125,41
004552,,,2.3.1,5,COMPRESOR DE AIRE- ELECTRICO,,,0.25,1.42045451466702E-02,,,Horas,0.75,6
004557,,,2.3.1,5,EQUIPO DE OXICORTE-HARRIS / VICTOR,,,1,5.68181805866809E-02,,,Horas,0.995,7.96
004558,,,2.3.1,5,EQUIPO DE PINTURA ESTÁNDAR BAJA-PISTOLA DE CARGA POR SU,,,0.25,1.42045451466702E-02,,,Horas,2,16
004562,,,2.3.1,5,ESMERIL 7´´-VARIOS,,,1,5.68181805866809E-02,,,Horas,0.51125,4.09
2.3.2,,,2.3,2,"MONTAJE DEL INTERCAMBIADOR DE PLACAS EN LA BASE (ESTRUCTURA), INCLUYE FIJACION DE LA BASE EN LA INFRAESTRUCTURA EXISTENTE.",,,,1120,448,8,KG,,
011550,,,2.3.2,3,CILINDRO DE OXIGENO OXIROGA (CIL),,,2.8409090909091E-03,2.8409090909091E-03,,,CIL,37.2873,
001298,,,2.3.2,3,DISCO DE CORTE 7 PLG EXTRAFINO  ACERO,,,1.42045454545455E-02,1.42045454545455E-02,,,Pza,1.6496,
001329,,,2.3.2,3,DISCO DESBASTE DIAMETRO 7 PULGADAS METAL,,,8.5227272727273E-03,8.5227272727273E-03,,,Pza,3.4724,
001353,,,2.3.2,3,ELECTRODO E 6010 ARCO ELECT PARA AC DIAM 1/8 X L 350 MM,,,8.9285714285714E-03,8.9285714285714E-03,,,kg,4.0751,
001358,,,2.3.2,3,ELECTRODO E 7018 ARCO ELEC PARA AC DIAM 1/8 X L 350 MM ,,,1.33928571428571E-02,1.33928571428571E-02,,,kg,4.0267,
001681,,,2.3.2,3,FONDO ANTICORROSIVO GRIS,,,7.10227272727273E-04,7.10227272727273E-04,,,galon,39.9432,
001714,,,2.3.2,3,GAS PROPANO (RECARGA),,,1.27840909090909E-02,1.27840909090909E-02,,,kg,0.5,
001935,,,2.3.2,3,"LAMINA AC RECTANGULAR  ANCHO 1,2 M ESP 3/8""PLG LON 2,4 ",,,4.46428571428571E-04,4.46428571428571E-04,,,Pza,310.6304,
013916,,,2.3.2,3,PINTURA ESMALTE ALQUIDICO COLOR MARRON TIERRA RAL 8028,,,1.4204545454545E-03,1.4204545454545E-03,,,galon,57.75,
003197,,,2.3.2,3,THINNER ACRILICO,,,1.4204545454545E-03,1.4204545454545E-03,,,galon,11.9233,
000546,,,2.3.2,3,"BROCHA 4"" MATERIAL MANGO PLASTICO CERDA NATURAL",,,5.6818181818182E-03,5.6818181818182E-03,,,Pza,1.9799,
001532,,,2.3.2,4,FABRICADOR 1RA,,,1,1.78571428571429E-02,,,Horas,1.6425,13.14
000307,,,2.3.2,4,AYUDANTE,,,3,5.35714285714286E-02,,,Horas,1.19125,9.53
003014,,,2.3.2,4,SUPERVISOR DE SEGURIDAD,,,0.25,4.46428571428571E-03,,,Horas,2.49625,19.97
000767,,,2.3.2,4,CAPATAZ,,,1,1.78571428571429E-02,,,Horas,2.2075,17.66
002998,,,2.3.2,4,SOLDADOR DE 1ERA,,,1,1.78571428571429E-02,,,Horas,1.56875,12.55
002217,,,2.3.2,4,MECANICO 1RA,,,1,1.78571428571429E-02,,,Horas,1.6425,13.14
004570,,,2.3.2,5,EXTENSION ELECTRICA-ESTANDAR,,,1,1.78571428571429E-02,,,Horas,0.17125,1.37
004729,,,2.3.2,5,FORMALETAS PARA ANDAMIO,,,2,3.57142857142857E-02,,,Horas,0.0625,0.5
008030,,,2.3.2,5,GRILLETE DE CARGA 5/8 PULG,,,2,3.57142857142857E-02,,,Horas,0.025,0.2
004746,,,2.3.2,5,KIT DE HERRAMIENTAS MENORES,,,1,1.78571428571429E-02,,,Horas,0.2625,2.1
004731,,,2.3.2,5,MANDARRIA 2KG,,,1,1.78571428571429E-02,,,Horas,0.03125,0.25
004641,,,2.3.2,5,POLEA-STANDAR,,,1,1.78571428571429E-02,,,Horas,0.25,2
008135,,,2.3.2,5,SEÑORITA DE CADENA 1 1/2 TON,,,1,1.78571428571429E-02,,,Horas,0.3125,2.5
004653,,,2.3.2,5,SEÑORITA-RATCHET 1.1/2TON,,,1,1.78571428571429E-02,,,Horas,0.2825,2.26
004602,,,2.3.2,5,SOLDADORA ELECTRICA-CD/DC 250,,,0.25,4.46428571428571E-03,,,Horas,5.125,41
004757,,,2.3.2,5,CUERPO DE ANDAMIO,,,3,5.35714285714286E-02,,,Horas,0.1875,1.5
004557,,,2.3.2,5,EQUIPO DE OXICORTE-HARRIS / VICTOR,,,1,1.78571428571429E-02,,,Horas,0.995,7.96
014309,,,2.3.2,5,ESLINGA DE CARGA 3.5'' X 3MTS OJAL-OJAL,,,2,3.57142857142857E-02,,,Horas,0.25,2
004562,,,2.3.2,5,ESMERIL 7´´-VARIOS,,,1,1.78571428571429E-02,,,Horas,0.51125,4.09
2.3.3,,,2.3,2,"S/T/I DE 4 VALVULAS DE MARIPOSA TIPO WAFFER NPS 6"" (ENTRADA Y SALIDA DE MELAZA AL INTERCAMBADOR/ENTRADA Y SALIDA DE AGUA DE ENFRIAMIENTO).",,,,4,2.5,8,PZA,,
001692,,,2.3.3,3,FORMULA MECANICA SQ 70-6  ACEITE PENETRANTE,,,0.5,0.5,,,Lata,5.6686,
002976,,,2.3.3,3,SILICON GRIS PARA ALTA TEMPERATURA,,,0.75,0.75,,,Pza,5,
003432,,,2.3.3,3,TORNILLO H/N HEX 3/4 X 4 PLG G-5,,,4,4,,,Pza,1.29,
003755,,,2.3.3,3,"TUERCA ASTM A-194 GR 2H 3/4""",,,4,4,,,Pza,1,
004037,,,2.3.3,3,"Valvula de mariposa tipo waffer de 6""",,,1,1,,,UNIDAD,280,
001532,,,2.3.3,4,FABRICADOR 1RA,,,1,3.2,,,Horas,1.6425,13.14
000307,,,2.3.3,4,AYUDANTE,,,2,6.4,,,Horas,1.19125,9.53
003014,,,2.3.3,4,SUPERVISOR DE SEGURIDAD,,,0.25,0.8,,,Horas,2.49625,19.97
000767,,,2.3.3,4,CAPATAZ,,,1,3.2,,,Horas,2.2075,17.66
008265,,,2.3.3,5,JUEGO DE DADOS CUD 3/4 PULG 23 PZA,,,1,3.2,,,Horas,0.25,2
015788,,,2.3.3,5,JUEGO LLAVES COMBINADA COMBO MM/PULG 20PZA,,,1,3.2,,,Horas,0.125,1
004746,,,2.3.3,5,KIT DE HERRAMIENTAS MENORES,,,1,3.2,,,Horas,0.2625,2.1
008037,,,2.3.3,5,LLAVE AJUSTABLE DE 12 PULG,,,1,3.2,,,Horas,0.03625,0.29
014762,,,2.3.3,5,LLAVE DE GOLPE 30MM,,,1,3.2,,,Horas,0.09375,0.75
008051,,,2.3.3,5,MARTILLO DE BOLA 24OZ,,,1,3.2,,,Horas,0.025,0.2
007981,,,2.3.3,5,CARRETILLA DE 2 RUEDAS (CARRUCHA),,,1,3.2,,,Horas,0.325,2.6
2.4,,,,1,SUCCION Y DESCARGA BOMBAS DE MAGMA 3ERA,,,,,,,,,
2.4.1,,,2.4,2,"S/T/I DE VALVULAS DE GUILLOTINA BIDIRECCIONA NPS 12""  EN ACERO INOX RATING 150 (REFERENCIA MARCA DEZURIK), EN LA SUCCION DE LA BOMBA, INCLUYE FABRICACION DE ENTRE-DOS PARA ACOPLE CON LA BOMBA. INCLUYE EMPACADURA, TORNILLERIA Y APLICACIÓN DE FONDO ANTICORR",,,,2,0.5,8,PZA,,
011550,,,2.4.1,3,CILINDRO DE OXIGENO OXIROGA (CIL),,,0.5,0.5,,,CIL,37.2873,
014969,,,2.4.1,3,CODO 90º RADIO LARGO AC BW 12 PLG SCH 40 MATERIAL WPB A,,,1,1,,,Pza,600,
001298,,,2.4.1,3,DISCO DE CORTE 7 PLG EXTRAFINO  ACERO,,,5,5,,,Pza,1.6496,
001329,,,2.4.1,3,DISCO DESBASTE DIAMETRO 7 PULGADAS METAL,,,2.5,2.5,,,Pza,3.4724,
001353,,,2.4.1,3,ELECTRODO E 6010 ARCO ELECT PARA AC DIAM 1/8 X L 350 MM,,,10,10,,,kg,4.0751,
001358,,,2.4.1,3,ELECTRODO E 7018 ARCO ELEC PARA AC DIAM 1/8 X L 350 MM ,,,10,10,,,kg,4.0267,
001681,,,2.4.1,3,FONDO ANTICORROSIVO GRIS,,,0.5,0.5,,,galon,39.9432,
001714,,,2.4.1,3,GAS PROPANO (RECARGA),,,2.25,2.25,,,kg,0.5,
013916,,,2.4.1,3,PINTURA ESMALTE ALQUIDICO COLOR MARRON TIERRA RAL 8028,,,0.5,0.5,,,galon,57.75,
003197,,,2.4.1,3,THINNER ACRILICO,,,0.5,0.5,,,galon,11.9233,
003546,,,2.4.1,3,TRAPOS DE LIMPIEZA ( SACO),,,0.125,0.125,,,Saco,35,
015781,,,2.4.1,3,"TUBERIA AC CC D NOMI 12"" GR.B SCH 40 LONG 6 M A106/53B",,,0.166666666666667,0.166666666666667,,,Pza,810,
004037,,,2.4.1,3,"Valvula guillotina bidireccional de 12"" de A/I desurik",,,1,1,,,Pza,3500,
000546,,,2.4.1,3,"BROCHA 4"" MATERIAL MANGO PLASTICO CERDA NATURAL",,,1.5,1.5,,,Pza,1.9799,
001532,,,2.4.1,4,FABRICADOR 1RA,,,1,16,,,Horas,1.6425,13.14
000307,,,2.4.1,4,AYUDANTE,,,3,48,,,Horas,1.19125,9.53
003014,,,2.4.1,4,SUPERVISOR DE SEGURIDAD,,,0.25,4,,,Horas,2.49625,19.97
000767,,,2.4.1,4,CAPATAZ,,,1,16,,,Horas,2.2075,17.66
002998,,,2.4.1,4,SOLDADOR DE 1ERA,,,1,16,,,Horas,1.56875,12.55
002217,,,2.4.1,4,MECANICO 1RA,,,1,16,,,Horas,1.6425,13.14
004570,,,2.4.1,5,EXTENSION ELECTRICA-ESTANDAR,,,1,16,,,Horas,0.17125,1.37
004746,,,2.4.1,5,KIT DE HERRAMIENTAS MENORES,,,1,16,,,Horas,0.2625,2.1
004731,,,2.4.1,5,MANDARRIA 2KG,,,1,16,,,Horas,0.03125,0.25
008135,,,2.4.1,5,SEÑORITA DE CADENA 1 1/2 TON,,,1,16,,,Horas,0.3125,2.5
004653,,,2.4.1,5,SEÑORITA-RATCHET 1.1/2TON,,,1,16,,,Horas,0.2825,2.26
004602,,,2.4.1,5,SOLDADORA ELECTRICA-CD/DC 250,,,0.25,4,,,Horas,5.125,41
004552,,,2.4.1,5,COMPRESOR DE AIRE- ELECTRICO,,,0.25,4,,,Horas,0.75,6
004557,,,2.4.1,5,EQUIPO DE OXICORTE-HARRIS / VICTOR,,,1,16,,,Horas,0.995,7.96
004558,,,2.4.1,5,EQUIPO DE PINTURA ESTÁNDAR BAJA-PISTOLA DE CARGA POR SU,,,0.25,4,,,Horas,2,16
004562,,,2.4.1,5,ESMERIL 7´´-VARIOS,,,1,16,,,Horas,0.51125,4.09
2.4.2,,,2.4,2,"S/T/I DE CODOS NPS 12"" SCH 40 CON BRIDAS PARA ACOPLE DE LA DESCARGA HACIA LA TUBERIA EXISTENTE. INCLUYE EMPACADURA, TORNILLERIA Y APLICACIÓN DE FONDO ANTICORROSIVO Y PINTURA ESMALTE COLOR MARON ENCINO.",,,,2,0.667,8,PZA,,
011550,,,2.4.2,3,CILINDRO DE OXIGENO OXIROGA (CIL),,,0.5,0.5,,,CIL,37.2873,
014969,,,2.4.2,3,CODO 90º RADIO LARGO AC BW 12 PLG SCH 40 MATERIAL WPB A,,,1,1,,,Pza,600,
001298,,,2.4.2,3,DISCO DE CORTE 7 PLG EXTRAFINO  ACERO,,,2.5,2.5,,,Pza,1.6496,
001329,,,2.4.2,3,DISCO DESBASTE DIAMETRO 7 PULGADAS METAL,,,2.5,2.5,,,Pza,3.4724,
001353,,,2.4.2,3,ELECTRODO E 6010 ARCO ELECT PARA AC DIAM 1/8 X L 350 MM,,,2.5,2.5,,,kg,4.0751,
001358,,,2.4.2,3,ELECTRODO E 7018 ARCO ELEC PARA AC DIAM 1/8 X L 350 MM ,,,2.5,2.5,,,kg,4.0267,
001681,,,2.4.2,3,FONDO ANTICORROSIVO GRIS,,,0.5,0.5,,,galon,39.9432,
001714,,,2.4.2,3,GAS PROPANO (RECARGA),,,2.25,2.25,,,kg,0.5,
000268,,,2.4.2,3,"ARANDELA PLANA H/N 7/8""",,,24,24,,,Pza,0.37,
013916,,,2.4.2,3,PINTURA ESMALTE ALQUIDICO COLOR MARRON TIERRA RAL 8028,,,0.5,0.5,,,galon,57.75,
003197,,,2.4.2,3,THINNER ACRILICO,,,0.5,0.5,,,galon,11.9233,
003477,,,2.4.2,3,TORNILLO H/N HEX 7/8 X 4 PLG G5,,,24,24,,,Pza,1.98,
003546,,,2.4.2,3,TRAPOS DE LIMPIEZA ( SACO),,,0.125,0.125,,,Saco,35,
003809,,,2.4.2,3,"TUERCA H/N HEX 7/8"" G-5",,,24,24,,,Pza,0.4381,
004037,,,2.4.2,3,"EMPACADURA ESPIROMETALICA 12"" RATING 150 PSI ARO METALI",,,2,2,,,Pza,130,
014975,,,2.4.2,3,"BRIDA SLIP ON 12"" ACERO AL CARBONO ASTM-A 105 150 PSI S",,,2,2,,,Pza,290,
000546,,,2.4.2,3,"BROCHA 4"" MATERIAL MANGO PLASTICO CERDA NATURAL",,,1.5,1.5,,,Pza,1.9799,
001532,,,2.4.2,4,FABRICADOR 1RA,,,1,11.9940030756712,,,Horas,1.6425,13.14
000307,,,2.4.2,4,AYUDANTE,,,3,35.9820092270135,,,Horas,1.19125,9.53
003014,,,2.4.2,4,SUPERVISOR DE SEGURIDAD,,,0.25,2.9985007689178,,,Horas,2.49625,19.97
000767,,,2.4.2,4,CAPATAZ,,,1,11.9940030756712,,,Horas,2.2075,17.66
002998,,,2.4.2,4,SOLDADOR DE 1ERA,,,1,11.9940030756712,,,Horas,1.56875,12.55
002217,,,2.4.2,4,MECANICO 1RA,,,1,11.9940030756712,,,Horas,1.6425,13.14
004570,,,2.4.2,5,EXTENSION ELECTRICA-ESTANDAR,,,1,11.9940030756712,,,Horas,0.17125,1.37
004746,,,2.4.2,5,KIT DE HERRAMIENTAS MENORES,,,1,11.9940030756712,,,Horas,0.2625,2.1
004731,,,2.4.2,5,MANDARRIA 2KG,,,1,11.9940030756712,,,Horas,0.03125,0.25
008135,,,2.4.2,5,SEÑORITA DE CADENA 1 1/2 TON,,,1,11.9940030756712,,,Horas,0.3125,2.5
004653,,,2.4.2,5,SEÑORITA-RATCHET 1.1/2TON,,,1,11.9940030756712,,,Horas,0.2825,2.26
004602,,,2.4.2,5,SOLDADORA ELECTRICA-CD/DC 250,,,0.25,2.9985007689178,,,Horas,5.125,41
004552,,,2.4.2,5,COMPRESOR DE AIRE- ELECTRICO,,,0.25,2.9985007689178,,,Horas,0.75,6
004557,,,2.4.2,5,EQUIPO DE OXICORTE-HARRIS / VICTOR,,,1,11.9940030756712,,,Horas,0.995,7.96
004558,,,2.4.2,5,EQUIPO DE PINTURA ESTÁNDAR BAJA-PISTOLA DE CARGA POR SU,,,0.25,2.9985007689178,,,Horas,2,16
004562,,,2.4.2,5,ESMERIL 7´´-VARIOS,,,1,11.9940030756712,,,Horas,0.51125,4.09
2.4.3,,,2.4,2,INSTALACION DE 02 BOMBAS DE DESPLAZAMIENTO POSITIVO DE TORNILLO. INCLUYE FIJACION DE LOS PERNOS A LA PLANCHA DEL BASEPLATE.,,,,2,1,8,PZA,,
011550,,,2.4.3,3,CILINDRO DE OXIGENO OXIROGA (CIL),,,0.25,0.25,,,CIL,37.2873,
001714,,,2.4.3,3,GAS PROPANO (RECARGA),,,2.25,2.25,,,kg,0.5,
014347,,,2.4.3,3,GRASA GRAFITADA NEGRA PARA USO MULTIPLES,,,0.1,0.1,,,kg,1.3,
002065,,,2.4.3,3,"LIJA DE AGUA GRANO 80 MICROFINA 9"" X 11"" MULTIUSO",,,5,5,,,Pliego,0.8607,
000307,,,2.4.3,4,AYUDANTE,,,2,16,,,Horas,1.19125,9.53
003014,,,2.4.3,4,SUPERVISOR DE SEGURIDAD,,,0.25,2,,,Horas,2.49625,19.97
000767,,,2.4.3,4,CAPATAZ,,,1,8,,,Horas,2.2075,17.66
002217,,,2.4.3,4,MECANICO 1RA,,,2,16,,,Horas,1.6425,13.14
004570,,,2.4.3,5,EXTENSION ELECTRICA-ESTANDAR,,,1,8,,,Horas,0.17125,1.37
008265,,,2.4.3,5,JUEGO DE DADOS CUD 3/4 PULG 23 PZA,,,1,8,,,Horas,0.25,2
015788,,,2.4.3,5,JUEGO LLAVES COMBINADA COMBO MM/PULG 20PZA,,,1,8,,,Horas,0.125,1
004746,,,2.4.3,5,KIT DE HERRAMIENTAS MENORES,,,1,8,,,Horas,0.2625,2.1
013361,,,2.4.3,5,"LLAVE DE GOLPE 2""",,,1,8,,,Horas,0.09125,0.73
004736,,,2.4.3,5,CARRETILLA DE ALBAÑILERIA,,,1,8,,,Horas,0.15625,1.25
004557,,,2.4.3,5,EQUIPO DE OXICORTE-HARRIS / VICTOR,,,1,8,,,Horas,0.995,7.96
,,,,,,,,,,,,,,
,,,,,,,,,,,,,,
,,,,,,,,,,,,,,
,,,,,,,,,,,,,,
,,,,,,,,,,,,,,
,,,,,,,,,,,,,,
,,,,,,,,,,,,,,
,,,,,,,,,,,,,,
,,,,,,,,,,,,,,
,,,,,,,,,,,,,,
,,,,,,,,,,,,,,
,,,,,,,,,,,,,,
,,,,,,,,,,,,,,
,,,,,,,,,,,,,,
,,,,,,,,,,,,,,
,,,,,,,,,,,,,,
,,,,,,,,,,,,,,
,,,,,,,,,,,,,,
,,,,,,,,,,,,,,
,,,,,,,,,,,,,,
,,,,,,,,,,,,,,
,,,,,,,,,,,,,,
,,,,,,,,,,,,,,
,,,,,,,,,,,,,,
,,,,,,,,,,,,,,
,,,,,,,,,,,,,,
,,,,,,,,,,,,,,
,,,,,,,,,,,,,,
,,,,,,,,,,,,,,
,,,,,,,,,,,,,,
,,,,,,,,,,,,,,
,,,,,,,,,,,,,,
,,,,,,,,,,,,,,
,,,,,,,,,,,,,,
,,,,,,,,,,,,,,
,,,,,,,,,,,,,,
,,,,,,,,,,,,,,
,,,,,,,,,,,,,,
,,,,,,,,,,,,,,
,,,,,,,,,,,,,,
,,,,,,,,,,,,,,
,,,,,,,,,,,,,,
,,,,,,,,,,,,,,
,,,,,,,,,,,,,,
,,,,,,,,,,,,,,
,,,,,,,,,,,,,,
,,,,,,,,,,,,,,
,,,,,,,,,,,,,,
,,,,,,,,,,,,,,
,,,,,,,,,,,,,,
,,,,,,,,,,,,,,
,,,,,,,,,,,,,,
,,,,,,,,,,,,,,
,,,,,,,,,,,,,,
,,,,,,,,,,,,,,
,,,,,,,,,,,,,,
,,,,,,,,,,,,,,
,,,,,,,,,,,,,,
,,,,,,,,,,,,,,
,,,,,,,,,,,,,,
,,,,,,,,,,,,,,
,,,,,,,,,,,,,,
,,,,,,,,,,,,,,
,,,,,,,,,,,,,,
,,,,,,,,,,,,,,
,,,,,,,,,,,,,,
,,,,,,,,,,,,,,
,,,,,,,,,,,,,,
,,,,,,,,,,,,,,
,,,,,,,,,,,,,,
,,,,,,,,,,,,,,
,,,,,,,,,,,,,,
,,,,,,,,,,,,,,
,,,,,,,,,,,,,,
,,,,,,,,,,,,,,
,,,,,,,,,,,,,,
,,,,,,,,,,,,,,
,,,,,,,,,,,,,,
,,,,,,,,,,,,,,
,,,,,,,,,,,,,,
,,,,,,,,,,,,,,
,,,,,,,,,,,,,,
,,,,,,,,,,,,,,
,,,,,,,,,,,,,,
,,,,,,,,,,,,,,
,,,,,,,,,,,,,,
,,,,,,,,,,,,,,
,,,,,,,,,,,,,,
,,,,,,,,,,,,,,
,,,,,,,,,,,,,,
,,,,,,,,,,,,,,
,,,,,,,,,,,,,,
,,,,,,,,,,,,,,
,,,,,,,,,,,,,,
,,,,,,,,,,,,,,
,,,,,,,,,,,,,,
,,,,,,,,,,,,,,
,,,,,,,,,,,,,,
,,,,,,,,,,,,,,
,,,,,,,,,,,,,,
,,,,,,,,,,,,,,
,,,,,,,,,,,,,,
,,,,,,,,,,,,,,
,,,,,,,,,,,,,,
,,,,,,,,,,,,,,
,,,,,,,,,,,,,,
,,,,,,,,,,,,,,
,,,,,,,,,,,,,,
,,,,,,,,,,,,,,
,,,,,,,,,,,,,,
,,,,,,,,,,,,,,
,,,,,,,,,,,,,,
,,,,,,,,,,,,,,
,,,,,,,,,,,,,,
,,,,,,,,,,,,,,
,,,,,,,,,,,,,,
,,,,,,,,,,,,,,
,,,,,,,,,,,,,,
,,,,,,,,,,,,,,
,,,,,,,,,,,,,,
,,,,,,,,,,,,,,
,,,,,,,,,,,,,,
,,,,,,,,,,,,,,
,,,,,,,,,,,,,,
,,,,,,,,,,,,,,
,,,,,,,,,,,,,,
,,,,,,,,,,,,,,
,,,,,,,,,,,,,,
,,,,,,,,,,,,,,
,,,,,,,,,,,,,,
,,,,,,,,,,,,,,
,,,,,,,,,,,,,,
,,,,,,,,,,,,,,
,,,,,,,,,,,,,,
,,,,,,,,,,,,,,
,,,,,,,,,,,,,,
,,,,,,,,,,,,,,
,,,,,,,,,,,,,,
,,,,,,,,,,,,,,
,,,,,,,,,,,,,,
,,,,,,,,,,,,,,
,,,,,,,,,,,,,,
,,,,,,,,,,,,,,
,,,,,,,,,,,,,,
,,,,,,,,,,,,,,
,,,,,,,,,,,,,,
,,,,,,,,,,,,,,
,,,,,,,,,,,,,,
,,,,,,,,,,,,,,
,,,,,,,,,,,,,,
,,,,,,,,,,,,,,
,,,,,,,,,,,,,,
,,,,,,,,,,,,,,
,,,,,,,,,,,,,,
,,,,,,,,,,,,,,
,,,,,,,,,,,,,,
,,,,,,,,,,,,,,
,,,,,,,,,,,,,,
,,,,,,,,,,,,,,
,,,,,,,,,,,,,,
,,,,,,,,,,,,,,
,,,,,,,,,,,,,,
,,,,,,,,,,,,,,
,,,,,,,,,,,,,,
,,,,,,,,,,,,,,
,,,,,,,,,,,,,,
,,,,,,,,,,,,,,
,,,,,,,,,,,,,,
,,,,,,,,,,,,,,
,,,,,,,,,,,,,,
,,,,,,,,,,,,,,
,,,,,,,,,,,,,,
,,,,,,,,,,,,,,
,,,,,,,,,,,,,,
,,,,,,,,,,,,,,
,,,,,,,,,,,,,,
,,,,,,,,,,,,,,
,,,,,,,,,,,,,,
,,,,,,,,,,,,,,
,,,,,,,,,,,,,,
,,,,,,,,,,,,,,
,,,,,,,,,,,,,,
,,,,,,,,,,,,,,
,,,,,,,,,,,,,,
,,,,,,,,,,,,,,
,,,,,,,,,,,,,,
,,,,,,,,,,,,,,
,,,,,,,,,,,,,,
,,,,,,,,,,,,,,
,,,,,,,,,,,,,,
,,,,,,,,,,,,,,
,,,,,,,,,,,,,,
,,,,,,,,,,,,,,
,,,,,,,,,,,,,,
,,,,,,,,,,,,,,
,,,,,,,,,,,,,,
,,,,,,,,,,,,,,
,,,,,,,,,,,,,,
,,,,,,,,,,,,,,
,,,,,,,,,,,,,,
,,,,,,,,,,,,,,
,,,,,,,,,,,,,,
,,,,,,,,,,,,,,
,,,,,,,,,,,,,,
,,,,,,,,,,,,,,
,,,,,,,,,,,,,,
,,,,,,,,,,,,,,
,,,,,,,,,,,,,,
,,,,,,,,,,,,,,
,,,,,,,,,,,,,,
,,,,,,,,,,,,,,
,,,,,,,,,,,,,,
,,,,,,,,,,,,,,
,,,,,,,,,,,,,,
,,,,,,,,,,,,,,
,,,,,,,,,,,,,,
,,,,,,,,,,,,,,
,,,,,,,,,,,,,,
,,,,,,,,,,,,,,
,,,,,,,,,,,,,,
,,,,,,,,,,,,,,
,,,,,,,,,,,,,,
,,,,,,,,,,,,,,
,,,,,,,,,,,,,,
,,,,,,,,,,,,,,
,,,,,,,,,,,,,,
,,,,,,,,,,,,,,
,,,,,,,,,,,,,,
,,,,,,,,,,,,,,
,,,,,,,,,,,,,,
,,,,,,,,,,,,,,
,,,,,,,,,,,,,,
,,,,,,,,,,,,,,
,,,,,,,,,,,,,,
,,,,,,,,,,,,,,
,,,,,,,,,,,,,,
,,,,,,,,,,,,,,
,,,,,,,,,,,,,,
,,,,,,,,,,,,,,
,,,,,,,,,,,,,,
,,,,,,,,,,,,,,
,,,,,,,,,,,,,,
,,,,,,,,,,,,,,
,,,,,,,,,,,,,,
,,,,,,,,,,,,,,
,,,,,,,,,,,,,,
,,,,,,,,,,,,,,
,,,,,,,,,,,,,,
,,,,,,,,,,,,,,
,,,,,,,,,,,,,,
,,,,,,,,,,,,,,
,,,,,,,,,,,,,,
,,,,,,,,,,,,,,
,,,,,,,,,,,,,,
,,,,,,,,,,,,,,
,,,,,,,,,,,,,,
,,,,,,,,,,,,,,
,,,,,,,,,,,,,,
,,,,,,,,,,,,,,
,,,,,,,,,,,,,,
,,,,,,,,,,,,,,
,,,,,,,,,,,,,,
,,,,,,,,,,,,,,
,,,,,,,,,,,,,,
,,,,,,,,,,,,,,
,,,,,,,,,,,,,,
,,,,,,,,,,,,,,
,,,,,,,,,,,,,,
,,,,,,,,,,,,,,
,,,,,,,,,,,,,,
,,,,,,,,,,,,,,
,,,,,,,,,,,,,,
,,,,,,,,,,,,,,
,,,,,,,,,,,,,,
,,,,,,,,,,,,,,
,,,,,,,,,,,,,,
,,,,,,,,,,,,,,
,,,,,,,,,,,,,,
,,,,,,,,,,,,,,
,,,,,,,,,,,,,,
,,,,,,,,,,,,,,
,,,,,,,,,,,,,,
,,,,,,,,,,,,,,
,,,,,,,,,,,,,,
,,,,,,,,,,,,,,
,,,,,,,,,,,,,,
,,,,,,,,,,,,,,
,,,,,,,,,,,,,,
,,,,,,,,,,,,,,
,,,,,,,,,,,,,,
,,,,,,,,,,,,,,
,,,,,,,,,,,,,,
,,,,,,,,,,,,,,
,,,,,,,,,,,,,,
,,,,,,,,,,,,,,
,,,,,,,,,,,,,,
,,,,,,,,,,,,,,
,,,,,,,,,,,,,,
,,,,,,,,,,,,,,
,,,,,,,,,,,,,,
,,,,,,,,,,,,,,
,,,,,,,,,,,,,,
,,,,,,,,,,,,,,
,,,,,,,,,,,,,,
,,,,,,,,,,,,,,
,,,,,,,,,,,,,,
,,,,,,,,,,,,,,
,,,,,,,,,,,,,,
,,,,,,,,,,,,,,
,,,,,,,,,,,,,,
,,,,,,,,,,,,,,
,,,,,,,,,,,,,,
,,,,,,,,,,,,,,
,,,,,,,,,,,,,,
,,,,,,,,,,,,,,
,,,,,,,,,,,,,,
,,,,,,,,,,,,,,
,,,,,,,,,,,,,,
,,,,,,,,,,,,,,
,,,,,,,,,,,,,,
,,,,,,,,,,,,,,
,,,,,,,,,,,,,,
,,,,,,,,,,,,,,
,,,,,,,,,,,,,,
,,,,,,,,,,,,,,
,,,,,,,,,,,,,,
,,,,,,,,,,,,,,
,,,,,,,,,,,,,,
,,,,,,,,,,,,,,
,,,,,,,,,,,,,,
,,,,,,,,,,,,,,
,,,,,,,,,,,,,,
,,,,,,,,,,,,,,
,,,,,,,,,,,,,,
,,,,,,,,,,,,,,
,,,,,,,,,,,,,,
,,,,,,,,,,,,,,
,,,,,,,,,,,,,,
,,,,,,,,,,,,,,
,,,,,,,,,,,,,,
,,,,,,,,,,,,,,
,,,,,,,,,,,,,,
,,,,,,,,,,,,,,
,,,,,,,,,,,,,,
,,,,,,,,,,,,,,
,,,,,,,,,,,,,,
,,,,,,,,,,,,,,
,,,,,,,,,,,,,,
,,,,,,,,,,,,,,
,,,,,,,,,,,,,,
,,,,,,,,,,,,,,
,,,,,,,,,,,,,,
,,,,,,,,,,,,,,
,,,,,,,,,,,,,,
,,,,,,,,,,,,,,
,,,,,,,,,,,,,,
,,,,,,,,,,,,,,
,,,,,,,,,,,,,,
,,,,,,,,,,,,,,
,,,,,,,,,,,,,,
,,,,,,,,,,,,,,
,,,,,,,,,,,,,,
,,,,,,,,,,,,,,
,,,,,,,,,,,,,,
,,,,,,,,,,,,,,
,,,,,,,,,,,,,,
,,,,,,,,,,,,,,
,,,,,,,,,,,,,,
,,,,,,,,,,,,,,
,,,,,,,,,,,,,,
,,,,,,,,,,,,,,
,,,,,,,,,,,,,,
,,,,,,,,,,,,,,
,,,,,,,,,,,,,,
,,,,,,,,,,,,,,
,,,,,,,,,,,,,,
,,,,,,,,,,,,,,
,,,,,,,,,,,,,,
,,,,,,,,,,,,,,
,,,,,,,,,,,,,,
,,,,,,,,,,,,,,
,,,,,,,,,,,,,,
,,,,,,,,,,,,,,
,,,,,,,,,,,,,,
,,,,,,,,,,,,,,
,,,,,,,,,,,,,,
,,,,,,,,,,,,,,
,,,,,,,,,,,,,,
,,,,,,,,,,,,,,
,,,,,,,,,,,,,,
,,,,,,,,,,,,,,
,,,,,,,,,,,,,,
,,,,,,,,,,,,,,
,,,,,,,,,,,,,,
,,,,,,,,,,,,,,
,,,,,,,,,,,,,,
,,,,,,,,,,,,,,
,,,,,,,,,,,,,,
,,,,,,,,,,,,,,
,,,,,,,,,,,,,,
,,,,,,,,,,,,,,
,,,,,,,,,,,,,,
,,,,,,,,,,,,,,
,,,,,,,,,,,,,,
,,,,,,,,,,,,,,
,,,,,,,,,,,,,,
,,,,,,,,,,,,,,
,,,,,,,,,,,,,,
,,,,,,,,,,,,,,
,,,,,,,,,,,,,,
,,,,,,,,,,,,,,
,,,,,,,,,,,,,,
,,,,,,,,,,,,,,
,,,,,,,,,,,,,,
,,,,,,,,,,,,,,
,,,,,,,,,,,,,,
,,,,,,,,,,,,,,
,,,,,,,,,,,,,,
,,,,,,,,,,,,,,
,,,,,,,,,,,,,,
,,,,,,,,,,,,,,
,,,,,,,,,,,,,,
,,,,,,,,,,,,,,
,,,,,,,,,,,,,,
,,,,,,,,,,,,,,
,,,,,,,,,,,,,,
,,,,,,,,,,,,,,
,,,,,,,,,,,,,,
,,,,,,,,,,,,,,
,,,,,,,,,,,,,,
,,,,,,,,,,,,,,
,,,,,,,,,,,,,,
,,,,,,,,,,,,,,
,,,,,,,,,,,,,,
,,,,,,,,,,,,,,
,,,,,,,,,,,,,,
,,,,,,,,,,,,,,
,,,,,,,,,,,,,,
,,,,,,,,,,,,,,
,,,,,,,,,,,,,,
,,,,,,,,,,,,,,
,,,,,,,,,,,,,,
,,,,,,,,,,,,,,
,,,,,,,,,,,,,,
,,,,,,,,,,,,,,
,,,,,,,,,,,,,,
,,,,,,,,,,,,,,
,,,,,,,,,,,,,,
,,,,,,,,,,,,,,
,,,,,,,,,,,,,,
,,,,,,,,,,,,,,
,,,,,,,,,,,,,,
,,,,,,,,,,,,,,
,,,,,,,,,,,,,,
,,,,,,,,,,,,,,
,,,,,,,,,,,,,,
,,,,,,,,,,,,,,
,,,,,,,,,,,,,,
,,,,,,,,,,,,,,
,,,,,,,,,,,,,,
,,,,,,,,,,,,,,
,,,,,,,,,,,,,,
,,,,,,,,,,,,,,
,,,,,,,,,,,,,,
,,,,,,,,,,,,,,
,,,,,,,,,,,,,,
,,,,,,,,,,,,,,
,,,,,,,,,,,,,,
,,,,,,,,,,,,,,
,,,,,,,,,,,,,,
,,,,,,,,,,,,,,
,,,,,,,,,,,,,,
,,,,,,,,,,,,,,
,,,,,,,,,,,,,,
,,,,,,,,,,,,,,
,,,,,,,,,,,,,,
,,,,,,,,,,,,,,
,,,,,,,,,,,,,,
,,,,,,,,,,,,,,
,,,,,,,,,,,,,,
,,,,,,,,,,,,,,
,,,,,,,,,,,,,,
,,,,,,,,,,,,,,
,,,,,,,,,,,,,,
,,,,,,,,,,,,,,
,,,,,,,,,,,,,,
,,,,,,,,,,,,,,
,,,,,,,,,,,,,,
,,,,,,,,,,,,,,
,,,,,,,,,,,,,,
,,,,,,,,,,,,,,
,,,,,,,,,,,,,,
,,,,,,,,,,,,,,
,,,,,,,,,,,,,,
,,,,,,,,,,,,,,
,,,,,,,,,,,,,,
,,,,,,,,,,,,,,
,,,,,,,,,,,,,,
,,,,,,,,,,,,,,
,,,,,,,,,,,,,,
,,,,,,,,,,,,,,
,,,,,,,,,,,,,,
,,,,,,,,,,,,,,
,,,,,,,,,,,,,,
,,,,,,,,,,,,,,
,,,,,,,,,,,,,,
,,,,,,,,,,,,,,
,,,,,,,,,,,,,,
,,,,,,,,,,,,,,
,,,,,,,,,,,,,,
,,,,,,,,,,,,,,
,,,,,,,,,,,,,,
,,,,,,,,,,,,,,
,,,,,,,,,,,,,,
,,,,,,,,,,,,,,
,,,,,,,,,,,,,,
,,,,,,,,,,,,,,
,,,,,,,,,,,,,,
,,,,,,,,,,,,,,
,,,,,,,,,,,,,,
,,,,,,,,,,,,,,
,,,,,,,,,,,,,,
,,,,,,,,,,,,,,
,,,,,,,,,,,,,,
,,,,,,,,,,,,,,
,,,,,,,,,,,,,,
,,,,,,,,,,,,,,
,,,,,,,,,,,,,,
,,,,,,,,,,,,,,
,,,,,,,,,,,,,,
,,,,,,,,,,,,,,
,,,,,,,,,,,,,,
,,,,,,,,,,,,,,
,,,,,,,,,,,,,,
,,,,,,,,,,,,,,
,,,,,,,,,,,,,,
,,,,,,,,,,,,,,
,,,,,,,,,,,,,,
,,,,,,,,,,,,,,
,,,,,,,,,,,,,,
,,,,,,,,,,,,,,
,,,,,,,,,,,,,,
,,,,,,,,,,,,,,
,,,,,,,,,,,,,,
,,,,,,,,,,,,,,
,,,,,,,,,,,,,,
,,,,,,,,,,,,,,
,,,,,,,,,,,,,,
,,,,,,,,,,,,,,
,,,,,,,,,,,,,,
,,,,,,,,,,,,,,
,,,,,,,,,,,,,,
,,,,,,,,,,,,,,
,,,,,,,,,,,,,,
,,,,,,,,,,,,,,
,,,,,,,,,,,,,,
,,,,,,,,,,,,,,
,,,,,,,,,,,,,,
,,,,,,,,,,,,,,
,,,,,,,,,,,,,,
,,,,,,,,,,,,,,
,,,,,,,,,,,,,,
,,,,,,,,,,,,,,
,,,,,,,,,,,,,,
,,,,,,,,,,,,,,
,,,,,,,,,,,,,,
,,,,,,,,,,,,,,
,,,,,,,,,,,,,,
,,,,,,,,,,,,,,
,,,,,,,,,,,,,,
,,,,,,,,,,,,,,
,,,,,,,,,,,,,,
,,,,,,,,,,,,,,
,,,,,,,,,,,,,,
,,,,,,,,,,,,,,
,,,,,,,,,,,,,,
,,,,,,,,,,,,,,
,,,,,,,,,,,,,,
,,,,,,,,,,,,,,
,,,,,,,,,,,,,,
,,,,,,,,,,,,,,
,,,,,,,,,,,,,,
,,,,,,,,,,,,,,
,,,,,,,,,,,,,,
,,,,,,,,,,,,,,
,,,,,,,,,,,,,,
,,,,,,,,,,,,,,
,,,,,,,,,,,,,,
,,,,,,,,,,,,,,
,,,,,,,,,,,,,,
,,,,,,,,,,,,,,
,,,,,,,,,,,,,,
,,,,,,,,,,,,,,
,,,,,,,,,,,,,,
,,,,,,,,,,,,,,
,,,,,,,,,,,,,,
,,,,,,,,,,,,,,
,,,,,,,,,,,,,,
,,,,,,,,,,,,,,
,,,,,,,,,,,,,,
,,,,,,,,,,,,,,
,,,,,,,,,,,,,,
,,,,,,,,,,,,,,
,,,,,,,,,,,,,,
,,,,,,,,,,,,,,
,,,,,,,,,,,,,,
,,,,,,,,,,,,,,
,,,,,,,,,,,,,,
,,,,,,,,,,,,,,
,,,,,,,,,,,,,,
,,,,,,,,,,,,,,
,,,,,,,,,,,,,,
,,,,,,,,,,,,,,
,,,,,,,,,,,,,,
,,,,,,,,,,,,,,
,,,,,,,,,,,,,,
,,,,,,,,,,,,,,
,,,,,,,,,,,,,,
,,,,,,,,,,,,,,
,,,,,,,,,,,,,,
,,,,,,,,,,,,,,
,,,,,,,,,,,,,,
,,,,,,,,,,,,,,
,,,,,,,,,,,,,,
,,,,,,,,,,,,,,
,,,,,,,,,,,,,,
,,,,,,,,,,,,,,
,,,,,,,,,,,,,,
,,,,,,,,,,,,,,
,,,,,,,,,,,,,,
,,,,,,,,,,,,,,
,,,,,,,,,,,,,,
,,,,,,,,,,,,,,
,,,,,,,,,,,,,,
,,,,,,,,,,,,,,
,,,,,,,,,,,,,,
,,,,,,,,,,,,,,
,,,,,,,,,,,,,,
,,,,,,,,,,,,,,
,,,,,,,,,,,,,,
,,,,,,,,,,,,,,
,,,,,,,,,,,,,,
,,,,,,,,,,,,,,
,,,,,,,,,,,,,,
,,,,,,,,,,,,,,
,,,,,,,,,,,,,,
,,,,,,,,,,,,,,
,,,,,,,,,,,,,,
,,,,,,,,,,,,,,
,,,,,,,,,,,,,,
,,,,,,,,,,,,,,
,,,,,,,,,,,,,,
,,,,,,,,,,,,,,
,,,,,,,,,,,,,,
,,,,,,,,,,,,,,
,,,,,,,,,,,,,,
,,,,,,,,,,,,,,
,,,,,,,,,,,,,,
,,,,,,,,,,,,,,
,,,,,,,,,,,,,,
,,,,,,,,,,,,,,
,,,,,,,,,,,,,,
,,,,,,,,,,,,,,
,,,,,,,,,,,,,,
,,,,,,,,,,,,,,
,,,,,,,,,,,,,,
,,,,,,,,,,,,,,
,,,,,,,,,,,,,,
,,,,,,,,,,,,,,
,,,,,,,,,,,,,,
,,,,,,,,,,,,,,
,,,,,,,,,,,,,,
,,,,,,,,,,,,,,
,,,,,,,,,,,,,,
,,,,,,,,,,,,,,
,,,,,,,,,,,,,,
,,,,,,,,,,,,,,
,,,,,,,,,,,,,,
,,,,,,,,,,,,,,
,,,,,,,,,,,,,,
,,,,,,,,,,,,,,
,,,,,,,,,,,,,,
,,,,,,,,,,,,,,
,,,,,,,,,,,,,,
,,,,,,,,,,,,,,
,,,,,,,,,,,,,,
,,,,,,,,,,,,,,
,,,,,,,,,,,,,,
,,,,,,,,,,,,,,
,,,,,,,,,,,,,,
,,,,,,,,,,,,,,
,,,,,,,,,,,,,,
,,,,,,,,,,,,,,
,,,,,,,,,,,,,,
,,,,,,,,,,,,,,
,,,,,,,,,,,,,,
,,,,,,,,,,,,,,
,,,,,,,,,,,,,,
,,,,,,,,,,,,,,
,,,,,,,,,,,,,,
,,,,,,,,,,,,,,
,,,,,,,,,,,,,,
,,,,,,,,,,,,,,
,,,,,,,,,,,,,,
,,,,,,,,,,,,,,
,,,,,,,,,,,,,,
,,,,,,,,,,,,,,
,,,,,,,,,,,,,,
,,,,,,,,,,,,,,
,,,,,,,,,,,,,,
,,,,,,,,,,,,,,
,,,,,,,,,,,,,,
,,,,,,,,,,,,,,
,,,,,,,,,,,,,,
,,,,,,,,,,,,,,
