code,group,sub_group,parent,type,name,url,provider,available,quantity,performance,hours_day,uom_id,price,day_price
7,,,,1,"SUMINISTRO, TRANSPORTE Y COLOCACIÓN DE MORTERO IMPERMEABILIZANTE 1:2 EN 710M2 DE MUROS DE BATERÍAS DE SILOS DE ALMACENAMIENTO DE FRIJOL DE SOJA (CARA INTERNA) L=47 H=3,50m, SILOS 2-3-4-5-6",,,,,,,,,
7.1,,,7,2,"ESCARIFIACIÓN LIVIANA DE ELEMENTOS DE CONCRETO ARMADO A UNA PROFUNDIDAD MÁXIMA 1"". EN ZONAS DONDE HAYA EXPOSICIÓN DEL ACERO DE REFUERZO SE DEBERÁ PROFUNDIZAR 1"" POR DETRÁS DEL ACERO

SILOS 2, 3, 4, 5, 6",,,,120,12,8,M2,,
001302,,,7.1,3,DISCO DE CORTE DIAMANTADO SEGMENTADO CONCRETO DIAMETRO ,,,0.2,0.2,,,Pza,5.9833,
001303,,,7.1,3,DISCO DE CORTE DIAMANTADO SEGMENTADO DIAMETRO 7PLG ESP ,,,0.1,0.1,,,Pza,5.6,
001539,,,7.1,3,FILTRO 3M 2071 P-95 PARA MASCARA MEDIA CARA,,,6.66666666666667E-02,6.66666666666667E-02,,,Pza,8.49,
002210,,,7.1,3,MASCARILLA 3M MEDIA CARA MODELO 6200 TIPO RESPIRADOR,,,6.66666666666667E-02,6.66666666666667E-02,,,Pza,22.7692,
002475,,,7.1,3,PIEDRA PARA PULIR GRANITO #16  JUEGO DE 3,,,0.05,0.05,,,JUEGO,17.6,
002342,,,7.1,4,OBRERO DE PRIMERA,,,8,5.33333333333333,,,Horas,1.19125,9.53
003014,,,7.1,4,SUPERVISOR DE SEGURIDAD,,,0.25,0.166666666666667,,,Horas,2.49625,19.97
000767,,,7.1,4,CAPATAZ,,,1,0.666666666666667,,,Horas,2.2075,17.66
004570,,,7.1,5,EXTENSION ELECTRICA-ESTANDAR,,,6,4,,,Horas,0.17125,1.37
015596,,,7.1,5,"EXTRACTOR DE ORUGA PORTATIL ALTA VELOC 12"" 750W 115 V",,,1,0.666666666666667,,,Horas,1.5,12
004729,,,7.1,5,FORMALETAS PARA ANDAMIO,,,8,5.33333333333333,,,Horas,0.0625,0.5
001817,,,7.1,5,ILUMINACION 400W UNIVERSAL,,,4,2.66666666666667,,,Horas,0.125,1
004674,,,7.1,5,TALADRO ROTO MARTILLO-TE-76ATC,,,4,2.66666666666667,,,Horas,3.90625,31.25
004757,,,7.1,5,CUERPO DE ANDAMIO,,,4,2.66666666666667,,,Horas,0.1875,1.5
7.2,,,7,2,"BOTE DE ESCOMBROS PRODUCTO DE LA DEMOLICIÓN. INCLUYE ACARREO DE ESCOMBROS DESDE LA PARTE INTERNA DEL SILO HASTA LA PARTE EXTERIOR.

SILOS 2, 3, 4, 5, 6",,,,3,1.2,8,M3,,
014435,,,7.2,3,MECATE DE 5/8 MATERIAL POLIPROPILENO (PRESENTACION EN M,,,16.6666666666667,16.6666666666667,,,m,0.85,
013403,,,7.2,3,SACO DE POLIPROPILENO 50 KGS,,,50,50,,,Pza,0.2895,
002920,,,7.2,3,SERVICIO DE VOLTEO 9M3,,,0.333333333,0.333333333,,,Viaje,150,
002342,,,7.2,4,OBRERO DE PRIMERA,,,8,53.3333312140572,,,Horas,1.19125,9.53
003014,,,7.2,4,SUPERVISOR DE SEGURIDAD,,,0.25,1.66666660043929,,,Horas,2.49625,19.97
000767,,,7.2,4,CAPATAZ,,,1,6.66666640175715,,,Horas,2.2075,17.66
004729,,,7.2,5,FORMALETAS PARA ANDAMIO,,,4,26.6666656070286,,,Horas,0.0625,0.5
001817,,,7.2,5,ILUMINACION 400W UNIVERSAL,,,4,26.6666656070286,,,Horas,0.125,1
004741,,,7.2,5,PALA RECTANGULAR ALBAÑILERIA,,,6,39.9999984105429,,,Horas,0.11625,0.93
002603,,,7.2,5,"POLEA DE 8""",,,1,6.66666640175715,,,Horas,0.125,1
004757,,,7.2,5,CUERPO DE ANDAMIO,,,2,13.3333328035143,,,Horas,0.1875,1.5
7.3,,,7,2,"LIMPIEZA GENERAL DE SUPERFICIE (PAREDES) CON USO DE EQUIPO HIDROJET, HASTA UNA ALTURA DE 2.10M. INCLUYE REMOCIÓN Y ACARREO DE SEDIMENTOS HACIA LA PARTE EXTERIOR DEL SILO

SILOS 2, 3, 4, 5, 6",,,,462,92.4,8,M2,,
000841,,,7.3,3,CEPILLO PARA BARRER CERDA GRUESA,,,4.3290043290043E-03,4.3290043290043E-03,,,Pza,2.7644,
000842,,,7.3,3,CEPILLO PARA BARRER CERDA SUAVE,,,4.3290043290043E-03,4.3290043290043E-03,,,Pza,2.4434,
001276,,,7.3,3,DESENGRASANTE (LTS),,,8.65800865800866E-02,8.65800865800866E-02,,,L,0.525,
001721,,,7.3,3,GASOLINA (LTS),,,4.32900432900433E-02,4.32900432900433E-02,,,L,0.5,
001774,,,7.3,3,GUANTES DE NEOPRENO (PAR),,,1.73160173160173E-02,1.73160173160173E-02,,,Par,6.8192,
002077,,,7.3,3,LIMPIADOR LIMPOTEX (LTS),,,4.32900432900433E-02,4.32900432900433E-02,,,L,2.582,
003546,,,7.3,3,TRAPOS DE LIMPIEZA ( SACO),,,2.1645021645022E-03,2.1645021645022E-03,,,Saco,35,
000438,,,7.3,3,BOTA DE GOMA LARGA CON HIERRO TALLA 42 (PAR),,,8.6580086580087E-03,8.6580086580087E-03,,,Par,18.3914,
000485,,,7.3,3,BRAGA DESECHABLES COLOR BLANCO TALLA UNICA,,,8.6580086580087E-03,8.6580086580087E-03,,,Pza,49.5,
002342,,,7.3,4,OBRERO DE PRIMERA,,,8,0.692640681202535,,,Horas,1.19125,9.53
003014,,,7.3,4,SUPERVISOR DE SEGURIDAD,,,0.25,2.16450212875792E-02,,,Horas,2.49625,19.97
000767,,,7.3,4,CAPATAZ,,,1,8.65800851503168E-02,,,Horas,2.2075,17.66
004570,,,7.3,5,EXTENSION ELECTRICA-ESTANDAR,,,2,0.173160170300634,,,Horas,0.17125,1.37
004729,,,7.3,5,FORMALETAS PARA ANDAMIO,,,4,0.346320340601267,,,Horas,0.0625,0.5
013822,,,7.3,5,HIDROJET DE ALTA PRESION 1800W 110V,,,1,8.65800851503168E-02,,,Horas,0.25,2
001817,,,7.3,5,ILUMINACION 400W UNIVERSAL,,,4,0.346320340601267,,,Horas,0.125,1
008032,,,7.3,5,BOMBA DE ACHIQUE,,,1,8.65800851503168E-02,,,Horas,0.75,6
008260,,,7.3,5,MANGUERA TIPO CULEBRA 1/2,,,100,8.65800851503168,,,Horas,0.0625,0.5
004741,,,7.3,5,PALA RECTANGULAR ALBAÑILERIA,,,1,8.65800851503168E-02,,,Horas,0.11625,0.93
008138,,,7.3,5,TOBO DE ALBAÑILERIA,,,2,0.173160170300634,,,Horas,0.01875,0.15
004757,,,7.3,5,CUERPO DE ANDAMIO,,,2,0.173160170300634,,,Horas,0.1875,1.5
7.4,,,7,2,"LIMPIEZA Y APLICACIÓN DE RECUBRIMIENTO PARA PROTECCIÓN DEL ACERO DE REFUERZO EXPUESTO UTILIZANDO OXICOAT MC O SIMILAR. INCLUYE SUMINISTRO DEL MATERIAL

SILOS 2, 3, 4, 5, 6",,,,1,0.4,8,UNIDAD,,
000827,,,7.4,3,CEPILLO DE ALAMBRE MANGO DE MADERA,,,24,24,,,Pza,0.8458,
001681,,,7.4,3,FONDO ANTICORROSIVO OXICOAT,,,4,4,,,galon,150,
000547,,,7.4,3,"BROCHA 6"" MATERIAL MANGO PLASTICO CERDA NATURAL",,,12,12,,,Pza,5.5567,
002342,,,7.4,4,OBRERO DE PRIMERA,,,8,159.999997615814,,,Horas,1.19125,9.53
003014,,,7.4,4,SUPERVISOR DE SEGURIDAD,,,0.25,4.99999992549419,,,Horas,2.49625,19.97
000767,,,7.4,4,CAPATAZ,,,1,19.9999997019768,,,Horas,2.2075,17.66
004570,,,7.4,5,EXTENSION ELECTRICA-ESTANDAR,,,4,79.9999988079071,,,Horas,0.17125,1.37
004729,,,7.4,5,FORMALETAS PARA ANDAMIO,,,8,159.999997615814,,,Horas,0.0625,0.5
001817,,,7.4,5,ILUMINACION 400W UNIVERSAL,,,4,79.9999988079071,,,Horas,0.125,1
004746,,,7.4,5,KIT DE HERRAMIENTAS MENORES,,,2,39.9999994039536,,,Horas,0.2625,2.1
014767,,,7.4,5,MEZCLADOR ELECTRICO PORTATIL DE BAJA REVOLUCION,,,2,39.9999994039536,,,Horas,0.625,5
008138,,,7.4,5,TOBO DE ALBAÑILERIA,,,4,79.9999988079071,,,Horas,0.01875,0.15
004757,,,7.4,5,CUERPO DE ANDAMIO,,,4,79.9999988079071,,,Horas,0.1875,1.5
7.5,,,7,2,"SUMINISTRO, TRANSPORTE Y APLICACIÓN DE MORTERO MONOCOMPONENTE PARA REPARACIONES Y PARCHEOS VERTICALES TIPO SONOGROUT PATCH 100 O SIMILAR

SILOS 2, 3, 4, 5, 6",,,,430,43,8,SACO,,
003546,,,7.5,3,TRAPOS DE LIMPIEZA ( SACO),,,4.65116279069767E-02,4.65116279069767E-02,,,Saco,35,
003548,,,7.5,3,TRASLADO EN CAMION 750 RUTA URBANA,,,4.6511627906977E-03,4.6511627906977E-03,,,Viaje,350,
020846,,,7.5,3,SONOGROUT GRUESO EXTENDIDO TECNOCONCRET SACO 25 KG,,,1,1,,,SACO,60,
002342,,,7.5,4,OBRERO DE PRIMERA,,,8,1.48837209302326,,,Horas,1.19125,9.53
003014,,,7.5,4,SUPERVISOR DE SEGURIDAD,,,0.25,4.65116279069767E-02,,,Horas,2.49625,19.97
000767,,,7.5,4,CAPATAZ,,,1,0.186046511627907,,,Horas,2.2075,17.66
004570,,,7.5,5,EXTENSION ELECTRICA-ESTANDAR,,,4,0.744186046511628,,,Horas,0.17125,1.37
004729,,,7.5,5,FORMALETAS PARA ANDAMIO,,,8,1.48837209302326,,,Horas,0.0625,0.5
001817,,,7.5,5,ILUMINACION 400W UNIVERSAL,,,4,0.744186046511628,,,Horas,0.125,1
004746,,,7.5,5,KIT DE HERRAMIENTAS MENORES,,,2,0.372093023255814,,,Horas,0.2625,2.1
014767,,,7.5,5,MEZCLADOR ELECTRICO PORTATIL DE BAJA REVOLUCION,,,2,0.372093023255814,,,Horas,0.625,5
008138,,,7.5,5,TOBO DE ALBAÑILERIA,,,4,0.744186046511628,,,Horas,0.01875,0.15
004757,,,7.5,5,CUERPO DE ANDAMIO,,,4,0.744186046511628,,,Horas,0.1875,1.5
8,,,,1,"SUMINISTRO, TRANSPORTE Y COLOCACIÓN DE 987,83M2 DE PINTURA IMPERMEABILIZANTE ELASTOMERÍCA EN LÁMINAS DE H.N. DE CUBIERTAS DE TECHO DE BATERÍAS DE SILOS DE ALMACENAMIENTO. (INCLUYE LIMPIEZA MECÁNICA Y MATERIAL DE ADHERENCIA PREVIA COLOCACIÓN)",,,,,,,,,
8.1,,,8,2,"LIMPIEZA METALMECÁNICA DE LÁMINAS DE CUBIERTA DE SILOS
SE CONSIDERAN 155 M2 POR CADA SILO",,,,1050,120,8,M2,,
000831,,,8.1,3,CEPILLO DE ALAMBRE TIPO COPA PARA ESMERIL DIAM 4 PLG PA,,,7.74193548387097E-02,7.74193548387097E-02,,,Pza,3.98,
003546,,,8.1,3,TRAPOS DE LIMPIEZA ( SACO),,,2.1505376344086E-03,2.1505376344086E-03,,,Saco,35,
002342,,,8.1,4,OBRERO DE PRIMERA,,,4,0.266666666666667,,,Horas,1.19125,9.53
003014,,,8.1,4,SUPERVISOR DE SEGURIDAD,,,0.25,1.66666666666667E-02,,,Horas,2.49625,19.97
000767,,,8.1,4,CAPATAZ,,,0.5,3.33333333333333E-02,,,Horas,2.2075,17.66
004570,,,8.1,5,EXTENSION ELECTRICA-ESTANDAR,,,8,0.533333333333333,,,Horas,0.17125,1.37
004535,,,8.1,5,ARNES DE SEGURIDAD CON ESLINGA-CORPORAL,,,5,0.333333333333333,,,Horas,0.5,4
004544,,,8.1,5,CARETA FACIAL-ESTANDAR,,,4,0.266666666666667,,,Horas,0.125,1
004561,,,8.1,5,ESMERIL  4.1/2´´-VARIOS,,,8,0.533333333333333,,,Horas,0.34375,2.75
8.2,,,8,2,"SUMINISTRO, TRANSPORTE Y APLICACIÓN DE FONDO EPOXICO EN LÁMINAS DE CUBIERTA DE SILOS
SE CONSIDERAN 175 M2 POR CADA SILO",,,,1050,100,8,M2,,
001539,,,8.2,3,FILTRO 3M 2071 P-95 PARA MASCARA MEDIA CARA,,,1.4285714285714E-03,1.4285714285714E-03,,,Pza,8.49,
001686,,,8.2,3,FONDO EPOXI 280 GRIS,,,2.85714285714286E-02,2.85714285714286E-02,,,galon,90,
002210,,,8.2,3,MASCARILLA 3M MEDIA CARA MODELO 6200 TIPO RESPIRADOR,,,1.4285714285714E-03,1.4285714285714E-03,,,Pza,22.7692,
003004,,,8.2,3,PINTURA EPOXI SOLPOXI  C&C,,,2.8571428571429E-03,2.8571428571429E-03,,,galon,29.3432,
003197,,,8.2,3,THINNER ACRILICO,,,7.6190476190476E-03,7.6190476190476E-03,,,galon,11.9233,
003218,,,8.2,3,"TIRRO DE PAPEL 1""",,,5.7142857142857E-03,5.7142857142857E-03,,,Pza,1,
003546,,,8.2,3,TRAPOS DE LIMPIEZA ( SACO),,,9.52380952380952E-04,9.52380952380952E-04,,,Saco,35,
000545,,,8.2,3,"BROCHA 3"" MATERIAL MANGO PLASTICO CERDA NATURAL",,,1.14285714285714E-02,1.14285714285714E-02,,,Pza,1.317,
000307,,,8.2,4,AYUDANTE,,,2,0.16,,,Horas,1.19125,9.53
002479,,,8.2,4,PINTOR DE 1a,,,1,0.08,,,Horas,1.56875,12.55
003014,,,8.2,4,SUPERVISOR DE SEGURIDAD,,,0.25,0.02,,,Horas,2.49625,19.97
000767,,,8.2,4,CAPATAZ,,,0.5,0.04,,,Horas,2.2075,17.66
004570,,,8.2,5,EXTENSION ELECTRICA-ESTANDAR,,,4,0.32,,,Horas,0.17125,1.37
004535,,,8.2,5,ARNES DE SEGURIDAD CON ESLINGA-CORPORAL,,,3,0.24,,,Horas,0.5,4
014767,,,8.2,5,MEZCLADOR ELECTRICO PORTATIL DE BAJA REVOLUCION,,,1,0.08,,,Horas,0.625,5
004552,,,8.2,5,COMPRESOR DE AIRE- ELECTRICO,,,1,0.08,,,Horas,0.75,6
004558,,,8.2,5,EQUIPO DE PINTURA ESTÁNDAR BAJA-PISTOLA DE CARGA POR SU,,,1,0.08,,,Horas,2,16
%*M,,,8.2,6,TRANSPORTE DE MATERIALES,,,,,,,%,25,
8.3,,,8,2,"SUMINISTRO, TRANSPORTE Y APLICACIÓN DE ACABADO POLIURETANO EN LÁMINAS DE CUBIERTA DE SILOS
SE CONSIDERAN 155 M2 POR CADA SILO",,,,1050,100,8,M2,,
001539,,,8.3,3,FILTRO 3M 2071 P-95 PARA MASCARA MEDIA CARA,,,1.4285714285714E-03,1.4285714285714E-03,,,Pza,8.49,
002210,,,8.3,3,MASCARILLA 3M MEDIA CARA MODELO 6200 TIPO RESPIRADOR,,,1.4285714285714E-03,1.4285714285714E-03,,,Pza,22.7692,
002610,,,8.3,3,PINTURA POLIURETANO C&C 550 GRIS,,,2.85714285714286E-02,2.85714285714286E-02,,,galon,96,
002997,,,8.3,3,PINTURA SOLCRILIC C&C,,,2.8571428571429E-03,2.8571428571429E-03,,,galon,26.6466,
003197,,,8.3,3,THINNER ACRILICO,,,7.6190476190476E-03,7.6190476190476E-03,,,galon,11.9233,
003218,,,8.3,3,"TIRRO DE PAPEL 1""",,,5.7142857142857E-03,5.7142857142857E-03,,,Pza,1,
003546,,,8.3,3,TRAPOS DE LIMPIEZA ( SACO),,,9.52380952380952E-04,9.52380952380952E-04,,,Saco,35,
000545,,,8.3,3,"BROCHA 3"" MATERIAL MANGO PLASTICO CERDA NATURAL",,,1.14285714285714E-02,1.14285714285714E-02,,,Pza,1.317,
000307,,,8.3,4,AYUDANTE,,,2,0.16,,,Horas,1.19125,9.53
002479,,,8.3,4,PINTOR DE 1a,,,1,0.08,,,Horas,1.56875,12.55
003014,,,8.3,4,SUPERVISOR DE SEGURIDAD,,,0.25,0.02,,,Horas,2.49625,19.97
000767,,,8.3,4,CAPATAZ,,,0.5,0.04,,,Horas,2.2075,17.66
004570,,,8.3,5,EXTENSION ELECTRICA-ESTANDAR,,,4,0.32,,,Horas,0.17125,1.37
004535,,,8.3,5,ARNES DE SEGURIDAD CON ESLINGA-CORPORAL,,,3,0.24,,,Horas,0.5,4
014767,,,8.3,5,MEZCLADOR ELECTRICO PORTATIL DE BAJA REVOLUCION,,,1,0.08,,,Horas,0.625,5
004552,,,8.3,5,COMPRESOR DE AIRE- ELECTRICO,,,1,0.08,,,Horas,0.75,6
004558,,,8.3,5,EQUIPO DE PINTURA ESTÁNDAR BAJA-PISTOLA DE CARGA POR SU,,,1,0.08,,,Horas,2,16
%*M,,,8.3,6,TRANSPORTE DE MATERIALES,,,,,,,%,10,
8.4,,,8,2,"LIMPIEZA METALMECÁNICA DE BARANDAS PERIMETRALES DE SILOS, CONFORMADA POR TUBERÍA Ø= 1 1/2"".",,,,630,315,8,ML,,
000831,,,8.4,3,CEPILLO DE ALAMBRE TIPO COPA PARA ESMERIL DIAM 4 PLG PA,,,0.019047619047619,0.019047619047619,,,Pza,3.98,
001319,,,8.4,3,"DISCO DE LIJA FLAP DIAMETRO 4"" GRANO 80 PARA ESMERIL",,,0.019047619047619,0.019047619047619,,,Pza,1.1998,
003546,,,8.4,3,TRAPOS DE LIMPIEZA ( SACO),,,1.5873015873016E-03,1.5873015873016E-03,,,Saco,35,
002342,,,8.4,4,OBRERO DE PRIMERA,,,4,0.101587301587302,,,Horas,1.19125,9.53
003014,,,8.4,4,SUPERVISOR DE SEGURIDAD,,,0.25,6.34920634920635E-03,,,Horas,2.49625,19.97
000767,,,8.4,4,CAPATAZ,,,0.5,1.26984126984127E-02,,,Horas,2.2075,17.66
004570,,,8.4,5,EXTENSION ELECTRICA-ESTANDAR,,,8,0.203174603174603,,,Horas,0.17125,1.37
004535,,,8.4,5,ARNES DE SEGURIDAD CON ESLINGA-CORPORAL,,,5,0.126984126984127,,,Horas,0.5,4
004544,,,8.4,5,CARETA FACIAL-ESTANDAR,,,4,0.101587301587302,,,Horas,0.125,1
004561,,,8.4,5,ESMERIL  4.1/2´´-VARIOS,,,8,0.203174603174603,,,Horas,0.34375,2.75
8.5,,,8,2,"SUMINISTRO, TRANSPORTE Y APLICACIÓN DE PINTURA ESMALTE EN BARANDAS PERIMETRALES DE SILOS, CONFORMADA POR TUBERÍA Ø= 1 1/2"".",,,,630,630,8,ML,,
001681,,,8.5,3,FONDO ANTICORROSIVO GRIS,,,3.1746031746032E-03,3.1746031746032E-03,,,galon,39.9432,
002522,,,8.5,3,PINTURA ESMALTE AMARILLO CAT,,,7.9365079365079E-03,7.9365079365079E-03,,,galon,43.4918,
003197,,,8.5,3,THINNER ACRILICO,,,4.7619047619048E-03,4.7619047619048E-03,,,galon,11.9233,
003218,,,8.5,3,"TIRRO DE PAPEL 1""",,,9.5238095238095E-03,9.5238095238095E-03,,,Pza,0.7965,
000544,,,8.5,3,"BROCHA 2"" MATERIAL MANGO PLASTICO CERDA NATURAL",,,9.5238095238095E-03,9.5238095238095E-03,,,Pza,0.8003,
000307,,,8.5,4,AYUDANTE,,,1,1.26984126984127E-02,,,Horas,1.19125,9.53
002479,,,8.5,4,PINTOR DE 1a,,,1,1.26984126984127E-02,,,Horas,1.56875,12.55
003014,,,8.5,4,SUPERVISOR DE SEGURIDAD,,,0.25,3.17460317460317E-03,,,Horas,2.49625,19.97
000767,,,8.5,4,CAPATAZ,,,0.5,6.34920634920635E-03,,,Horas,2.2075,17.66
004570,,,8.5,5,EXTENSION ELECTRICA-ESTANDAR,,,4,5.07936507936508E-02,,,Horas,0.17125,1.37
004535,,,8.5,5,ARNES DE SEGURIDAD CON ESLINGA-CORPORAL,,,2,2.53968253968254E-02,,,Horas,0.5,4
004552,,,8.5,5,COMPRESOR DE AIRE- ELECTRICO,,,1,1.26984126984127E-02,,,Horas,0.75,6
004558,,,8.5,5,EQUIPO DE PINTURA ESTÁNDAR BAJA-PISTOLA DE CARGA POR SU,,,1,1.26984126984127E-02,,,Horas,2,16
8.6,,,8,2,LIMPIEZA GENERAL Y BOTE DE ESCOMBROS,,,,1,1,8,UNIDAD,,
000842,,,8.6,3,CEPILLO PARA BARRER CERDA SUAVE,,,2,2,,,Pza,2.4434,
002354,,,8.6,3,PALA  PARA LA RECOLECCION DE BASURA MATERIAL PLASTICO,,,1,1,,,Pza,2.0108,
013403,,,8.6,3,SACO DE POLIPROPILENO 50 KGS,,,50,50,,,Pza,0.2895,
002342,,,8.6,4,OBRERO DE PRIMERA,,,4,32,,,Horas,1.19125,9.53
003014,,,8.6,4,SUPERVISOR DE SEGURIDAD,,,0.25,2,,,Horas,2.49625,19.97
000767,,,8.6,4,CAPATAZ,,,0.5,4,,,Horas,2.2075,17.66
004741,,,8.6,5,PALA RECTANGULAR ALBAÑILERIA,,,4,32,,,Horas,0.11625,0.93
9,,,,1,"SUMINISTRO, TRANSPORTE Y COLOCACIÓN DE 410M2 DE LÁMINA TRAPEZOIDALGALVANIZADA EN CUBIERTA DE TECHO DE TRANSPORTADOR DE DESCARGA DE SILOS DE ALMACENAMIENTO DE FRIJOL DE SOYA. INCLUYE DESINTALACIÓN DE CUBIERTA EXISTENTE, FONDO, PINTURA Y RECUPERACIÓN DE 423",,,,,,,,,
9.1,,,9,2,"DESMONTAJE DE LÁMINAS DE TECHO PARA TRANSPORTADOR DE DESCARGA. INCLUYE ACARREO HASTA LA PARTE INFERIOR DEL SILO
SE CONSIDERAN EL 100% DE LAS LÁMINAS DE TECHO",,,,410,80,8,M2,,
000307,,,9.1,4,AYUDANTE,,,2,0.2,,,Horas,1.19125,9.53
003014,,,9.1,4,SUPERVISOR DE SEGURIDAD,,,0.25,0.025,,,Horas,2.49625,19.97
000767,,,9.1,4,CAPATAZ,,,1,0.1,,,Horas,2.2075,17.66
003099,,,9.1,4,TECHERO,,,4,0.4,,,Horas,1.56875,12.55
004729,,,9.1,5,FORMALETAS PARA ANDAMIO,,,4,0.4,,,Horas,0.0625,0.5
1637,,,9.1,5,TALADRO INALAMBRICO 1/2',,,4,0.4,,,Horas,0.6375,5.1
004535,,,9.1,5,ARNES DE SEGURIDAD CON ESLINGA-CORPORAL,,,5,0.5,,,Horas,0.5,4
004750,,,9.1,5,JUEGO DE DADOS HEXAGONALES PULG CUADRANTE 3/4',,,4,0.4,,,Horas,0.2675,2.14
013819,,,9.1,5,PISTOLA DE CALEFATEO,,,2,0.2,,,Horas,0.0625,0.5
014413,,,9.1,5,REMACHADORA MANUAL,,,1,0.1,,,Horas,0.0625,0.5
004757,,,9.1,5,CUERPO DE ANDAMIO,,,2,0.2,,,Horas,0.1875,1.5
004755,,,9.1,5,ESCALERA TIPO TIJERA,,,2,0.2,,,Horas,0.5,4
9.2,,,9,2,LIMPIEZA METALMECÁNICA DE ESTRUCTURA DE TECHO PARA TRANSPORTADOR DE DESCARGA.,,,,345,120,8,M2,,
000831,,,9.2,3,CEPILLO DE ALAMBRE TIPO COPA PARA ESMERIL DIAM 4 PLG PA,,,6.95652173913043E-02,6.95652173913043E-02,,,Pza,3.98,
002342,,,9.2,4,OBRERO DE PRIMERA,,,4,0.266666666666667,,,Horas,1.19125,9.53
003014,,,9.2,4,SUPERVISOR DE SEGURIDAD,,,0.25,1.66666666666667E-02,,,Horas,2.49625,19.97
000767,,,9.2,4,CAPATAZ,,,0.5,3.33333333333333E-02,,,Horas,2.2075,17.66
004570,,,9.2,5,EXTENSION ELECTRICA-ESTANDAR,,,8,0.533333333333333,,,Horas,0.17125,1.37
004729,,,9.2,5,FORMALETAS PARA ANDAMIO,,,4,0.266666666666667,,,Horas,0.0625,0.5
004535,,,9.2,5,ARNES DE SEGURIDAD CON ESLINGA-CORPORAL,,,5,0.333333333333333,,,Horas,0.5,4
004544,,,9.2,5,CARETA FACIAL-ESTANDAR,,,4,0.266666666666667,,,Horas,0.125,1
004757,,,9.2,5,CUERPO DE ANDAMIO,,,2,0.133333333333333,,,Horas,0.1875,1.5
004755,,,9.2,5,ESCALERA TIPO TIJERA,,,2,0.133333333333333,,,Horas,0.5,4
004561,,,9.2,5,ESMERIL  4.1/2´´-VARIOS,,,8,0.533333333333333,,,Horas,0.34375,2.75
9.3,,,9,2,"SUMINISTRO, TRANSPORTE, APLICACIÓN DE FONDO Y PINTURA ESMALTE EN ESTRUCTURA DE TECHO PARA TRANSPORTADOR DE DESCARGA",,,,345,60,8,M2,,
001681,,,9.3,3,FONDO ANTICORROSIVO GRIS,,,5.79710144927536E-02,5.79710144927536E-02,,,galon,39.9432,
002210,,,9.3,3,MASCARILLA 3M MEDIA CARA MODELO 6200 TIPO RESPIRADOR,,,5.7971014492754E-03,5.7971014492754E-03,,,Pza,22.7692,
002521,,,9.3,3,PINTURA ESMALTE ALUMINIO DIFUSO,,,5.79710144927536E-02,5.79710144927536E-02,,,galon,44.806,
003197,,,9.3,3,THINNER ACRILICO,,,4.63768115942029E-02,4.63768115942029E-02,,,galon,11.9233,
003218,,,9.3,3,"TIRRO DE PAPEL 1""",,,1.73913043478261E-02,1.73913043478261E-02,,,Pza,0.7965,
003546,,,9.3,3,TRAPOS DE LIMPIEZA ( SACO),,,2.8985507246377E-03,2.8985507246377E-03,,,Saco,35,
000544,,,9.3,3,"BROCHA 2"" MATERIAL MANGO PLASTICO CERDA NATURAL",,,3.47826086956522E-02,3.47826086956522E-02,,,Pza,0.8003,
000307,,,9.3,4,AYUDANTE,,,2,0.266666666666667,,,Horas,1.19125,9.53
002479,,,9.3,4,PINTOR DE 1a,,,1,0.133333333333333,,,Horas,1.56875,12.55
003014,,,9.3,4,SUPERVISOR DE SEGURIDAD,,,0.25,3.33333333333333E-02,,,Horas,2.49625,19.97
000767,,,9.3,4,CAPATAZ,,,0.5,6.66666666666667E-02,,,Horas,2.2075,17.66
004570,,,9.3,5,EXTENSION ELECTRICA-ESTANDAR,,,4,0.533333333333333,,,Horas,0.17125,1.37
004729,,,9.3,5,FORMALETAS PARA ANDAMIO,,,4,0.533333333333333,,,Horas,0.0625,0.5
004535,,,9.3,5,ARNES DE SEGURIDAD CON ESLINGA-CORPORAL,,,3,0.4,,,Horas,0.5,4
004552,,,9.3,5,COMPRESOR DE AIRE- ELECTRICO,,,1,0.133333333333333,,,Horas,0.75,6
004757,,,9.3,5,CUERPO DE ANDAMIO,,,2,0.266666666666667,,,Horas,0.1875,1.5
004558,,,9.3,5,EQUIPO DE PINTURA ESTÁNDAR BAJA-PISTOLA DE CARGA POR SU,,,1,0.133333333333333,,,Horas,2,16
004755,,,9.3,5,ESCALERA TIPO TIJERA,,,2,0.266666666666667,,,Horas,0.5,4
%*M,,,9.3,6,TRANSPORTE DE MATERIALES,,,,,,,%,30,
9.4,,,9,2,"SUMINISTRO, TRANSPORTE Y COLOCACIÓN DE LÁMINAS DE TECHO DE ALUMINIO NORAL DE 1MM PARA TRANSPORTADOR DE DESCARGA. INCLUYE ACARREO DE LÁMINAS.",,,,410,40,8,M2,,
001984,,,9.4,3,"LAMINA ALUMINIO NORAL ACAN ANCHO T 0,94 UTIL 0,89 M ESP",,,0.560975609756098,0.560975609756098,,,Pza,20,
002774,,,9.4,3,REMACHE 1/16 X 1/2 PLG,,,1.21951219512195,1.21951219512195,,,Unidades,0.06,
013935,,,9.4,3,SIKAFLEX 1-A SELLADOR Y ADHESIVO ELASTOMERICO CARTUCHO ,,,5.85365853658537E-02,5.85365853658537E-02,,,Pza,16.8139,
003307,,,9.4,3,TORNILLO AUTOTALADRANTE 14 X 1 1/2 PLG,,,4.26829268292683,4.26829268292683,,,Pza,0.27,
003548,,,9.4,3,TRASLADO EN CAMION 750 RUTA URBANA,,,2.4390243902439E-03,2.4390243902439E-03,,,Viaje,350,
000307,,,9.4,4,AYUDANTE,,,2,0.4,,,Horas,1.19125,9.53
003014,,,9.4,4,SUPERVISOR DE SEGURIDAD,,,0.25,0.05,,,Horas,2.49625,19.97
000767,,,9.4,4,CAPATAZ,,,1,0.2,,,Horas,2.2075,17.66
003099,,,9.4,4,TECHERO,,,4,0.8,,,Horas,1.56875,12.55
004729,,,9.4,5,FORMALETAS PARA ANDAMIO,,,4,0.8,,,Horas,0.0625,0.5
1637,,,9.4,5,TALADRO INALAMBRICO 1/2',,,4,0.8,,,Horas,0.6375,5.1
004535,,,9.4,5,ARNES DE SEGURIDAD CON ESLINGA-CORPORAL,,,5,1,,,Horas,0.5,4
004750,,,9.4,5,JUEGO DE DADOS HEXAGONALES PULG CUADRANTE 3/4',,,4,0.8,,,Horas,0.2675,2.14
013819,,,9.4,5,PISTOLA DE CALEFATEO,,,2,0.4,,,Horas,0.0625,0.5
014413,,,9.4,5,REMACHADORA MANUAL,,,1,0.2,,,Horas,0.0625,0.5
004757,,,9.4,5,CUERPO DE ANDAMIO,,,2,0.4,,,Horas,0.1875,1.5
004755,,,9.4,5,ESCALERA TIPO TIJERA,,,2,0.4,,,Horas,0.5,4
9.5,,,9,2,"SUMINISTRO, TRANSPORTE Y COLOCACIÓN DE CUMBRERA DE LÁMINA ALUMINIO NORAL DE 1MM PARA TRANSPORTADOR DE DESCARGA. INCLUYE ACARREO DE LÁMINAS.",,,,105,48,8,ML,,
009419,,,9.5,3,"CUMBRERA EN ALUMINIO 0,30 M X 1 MM X 2,40 M",,,0.419047619047619,0.419047619047619,,,Pza,40,
013935,,,9.5,3,SIKAFLEX 1-A SELLADOR Y ADHESIVO ELASTOMERICO CARTUCHO ,,,5.71428571428571E-02,5.71428571428571E-02,,,Pza,16.8139,
003307,,,9.5,3,TORNILLO AUTOTALADRANTE 14 X 1 1/2 PLG,,,6.66666666666667,6.66666666666667,,,Pza,0.27,
000307,,,9.5,4,AYUDANTE,,,2,0.333333333333333,,,Horas,1.19125,9.53
003014,,,9.5,4,SUPERVISOR DE SEGURIDAD,,,0.25,4.16666666666667E-02,,,Horas,2.49625,19.97
000767,,,9.5,4,CAPATAZ,,,1,0.166666666666667,,,Horas,2.2075,17.66
003099,,,9.5,4,TECHERO,,,4,0.666666666666667,,,Horas,1.56875,12.55
004729,,,9.5,5,FORMALETAS PARA ANDAMIO,,,4,0.666666666666667,,,Horas,0.0625,0.5
1637,,,9.5,5,TALADRO INALAMBRICO 1/2',,,4,0.666666666666667,,,Horas,0.6375,5.1
004535,,,9.5,5,ARNES DE SEGURIDAD CON ESLINGA-CORPORAL,,,5,0.833333333333333,,,Horas,0.5,4
004750,,,9.5,5,JUEGO DE DADOS HEXAGONALES PULG CUADRANTE 3/4',,,4,0.666666666666667,,,Horas,0.2675,2.14
013819,,,9.5,5,PISTOLA DE CALEFATEO,,,2,0.333333333333333,,,Horas,0.0625,0.5
014413,,,9.5,5,REMACHADORA MANUAL,,,1,0.166666666666667,,,Horas,0.0625,0.5
004757,,,9.5,5,CUERPO DE ANDAMIO,,,2,0.333333333333333,,,Horas,0.1875,1.5
004755,,,9.5,5,ESCALERA TIPO TIJERA,,,2,0.333333333333333,,,Horas,0.5,4
9.6,,,9,2,DESMONTAJE DE LÁMINAS DE PANTALLA PARA TRANSPORTADOR DE DESCARGA. INCLUYE ACARREO HASTA LA PARTE INFERIOR DEL SILO,,,,40,80,8,M2,,
000307,,,9.6,4,AYUDANTE,,,2,0.2,,,Horas,1.19125,9.53
003014,,,9.6,4,SUPERVISOR DE SEGURIDAD,,,0.25,0.025,,,Horas,2.49625,19.97
000767,,,9.6,4,CAPATAZ,,,1,0.1,,,Horas,2.2075,17.66
003099,,,9.6,4,TECHERO,,,4,0.4,,,Horas,1.56875,12.55
004729,,,9.6,5,FORMALETAS PARA ANDAMIO,,,4,0.4,,,Horas,0.0625,0.5
1637,,,9.6,5,TALADRO INALAMBRICO 1/2',,,4,0.4,,,Horas,0.6375,5.1
004535,,,9.6,5,ARNES DE SEGURIDAD CON ESLINGA-CORPORAL,,,5,0.5,,,Horas,0.5,4
004750,,,9.6,5,JUEGO DE DADOS HEXAGONALES PULG CUADRANTE 3/4',,,4,0.4,,,Horas,0.2675,2.14
013819,,,9.6,5,PISTOLA DE CALEFATEO,,,2,0.2,,,Horas,0.0625,0.5
014413,,,9.6,5,REMACHADORA MANUAL,,,1,0.1,,,Horas,0.0625,0.5
004757,,,9.6,5,CUERPO DE ANDAMIO,,,2,0.2,,,Horas,0.1875,1.5
004755,,,9.6,5,ESCALERA TIPO TIJERA,,,2,0.2,,,Horas,0.5,4
9.7,,,9,2,"SUMINISTRO, TRANSPORTE Y COLOCACIÓN DE LÁMINAS DE PANTALLA DE ALUMINIO NORAL DE 1MM PARA TRANSPORTADOR DE DESCARGA. INCLUYE ACARREO DE LÁMINAS.",,,,40,40,8,M2,,
001984,,,9.7,3,"LAMINA ALUMINIO NORAL ACAN ANCHO T 0,94 UTIL 0,89 M ESP",,,0.75,0.75,,,Pza,10,
013935,,,9.7,3,SIKAFLEX 1-A SELLADOR Y ADHESIVO ELASTOMERICO CARTUCHO ,,,0.15,0.15,,,Pza,16.8139,
003307,,,9.7,3,TORNILLO AUTOTALADRANTE 14 X 1 1/2 PLG,,,5,5,,,Pza,0.27,
000307,,,9.7,4,AYUDANTE,,,2,0.4,,,Horas,1.19125,9.53
003014,,,9.7,4,SUPERVISOR DE SEGURIDAD,,,0.25,0.05,,,Horas,2.49625,19.97
000767,,,9.7,4,CAPATAZ,,,1,0.2,,,Horas,2.2075,17.66
003099,,,9.7,4,TECHERO,,,4,0.8,,,Horas,1.56875,12.55
004729,,,9.7,5,FORMALETAS PARA ANDAMIO,,,4,0.8,,,Horas,0.0625,0.5
1637,,,9.7,5,TALADRO INALAMBRICO 1/2',,,4,0.8,,,Horas,0.6375,5.1
004535,,,9.7,5,ARNES DE SEGURIDAD CON ESLINGA-CORPORAL,,,5,1,,,Horas,0.5,4
004750,,,9.7,5,JUEGO DE DADOS HEXAGONALES PULG CUADRANTE 3/4',,,4,0.8,,,Horas,0.2675,2.14
013819,,,9.7,5,PISTOLA DE CALEFATEO,,,2,0.4,,,Horas,0.0625,0.5
014413,,,9.7,5,REMACHADORA MANUAL,,,1,0.2,,,Horas,0.0625,0.5
004757,,,9.7,5,CUERPO DE ANDAMIO,,,2,0.4,,,Horas,0.1875,1.5
004755,,,9.7,5,ESCALERA TIPO TIJERA,,,2,0.4,,,Horas,0.5,4
9.8,,,9,2,REPARACIÓN DE LÁMINAS DE PANTALLA ASOCIADAS A TRANSPORTADOR DE DESCARGA. INCLUYE REPARACIONES PUNTUALES Y SUSTITUCIÓN DE TORNILLERÍA.,,,,350,60,8,M2,,
001298,,,9.8,3,DISCO DE CORTE 7 PLG EXTRAFINO  ACERO,,,3.47826086956522E-02,3.47826086956522E-02,,,Pza,1.6496,
001299,,,9.8,3,"DISCO DE CORTE D EXT 4 1/2"" ESP 1/8""",,,3.47826086956522E-02,3.47826086956522E-02,,,Pza,1.1513,
013935,,,9.8,3,SIKAFLEX 1-A SELLADOR Y ADHESIVO ELASTOMERICO CARTUCHO ,,,6.95652173913043E-02,6.95652173913043E-02,,,Pza,16.8139,
003307,,,9.8,3,TORNILLO AUTOTALADRANTE 14 X 1 1/2 PLG,,,4.34782608695652,4.34782608695652,,,Pza,0.27,
000307,,,9.8,4,AYUDANTE,,,2,0.266666666666667,,,Horas,1.19125,9.53
003014,,,9.8,4,SUPERVISOR DE SEGURIDAD,,,0.25,3.33333333333333E-02,,,Horas,2.49625,19.97
000767,,,9.8,4,CAPATAZ,,,1,0.133333333333333,,,Horas,2.2075,17.66
003099,,,9.8,4,TECHERO,,,4,0.533333333333333,,,Horas,1.56875,12.55
004729,,,9.8,5,FORMALETAS PARA ANDAMIO,,,4,0.533333333333333,,,Horas,0.0625,0.5
1637,,,9.8,5,TALADRO INALAMBRICO 1/2',,,4,0.533333333333333,,,Horas,0.6375,5.1
004535,,,9.8,5,ARNES DE SEGURIDAD CON ESLINGA-CORPORAL,,,5,0.666666666666667,,,Horas,0.5,4
004750,,,9.8,5,JUEGO DE DADOS HEXAGONALES PULG CUADRANTE 3/4',,,4,0.533333333333333,,,Horas,0.2675,2.14
013819,,,9.8,5,PISTOLA DE CALEFATEO,,,2,0.266666666666667,,,Horas,0.0625,0.5
014413,,,9.8,5,REMACHADORA MANUAL,,,1,0.133333333333333,,,Horas,0.0625,0.5
004757,,,9.8,5,CUERPO DE ANDAMIO,,,2,0.266666666666667,,,Horas,0.1875,1.5
004755,,,9.8,5,ESCALERA TIPO TIJERA,,,2,0.266666666666667,,,Horas,0.5,4
9.9,,,9,2,LIMPIEZA METALMECÁNICA DE LÁMINAS DE PANTALLA ASOCIADAS A TRANSPORTADOR DE DESCARGA. (LADO EXTERIOR),,,,175,120,8,M2,,
000831,,,9.9,3,CEPILLO DE ALAMBRE TIPO COPA PARA ESMERIL DIAM 4 PLG PA,,,3.47826086956522E-02,3.47826086956522E-02,,,Pza,3.98,
001319,,,9.9,3,"DISCO DE LIJA FLAP DIAMETRO 4"" GRANO 80 PARA ESMERIL",,,0.139130434782609,0.139130434782609,,,Pza,1.1998,
000307,,,9.9,4,AYUDANTE,,,4,0.266666666666667,,,Horas,1.19125,9.53
003014,,,9.9,4,SUPERVISOR DE SEGURIDAD,,,0.25,1.66666666666667E-02,,,Horas,2.49625,19.97
000767,,,9.9,4,CAPATAZ,,,0.5,3.33333333333333E-02,,,Horas,2.2075,17.66
004570,,,9.9,5,EXTENSION ELECTRICA-ESTANDAR,,,8,0.533333333333333,,,Horas,0.17125,1.37
004729,,,9.9,5,FORMALETAS PARA ANDAMIO,,,4,0.266666666666667,,,Horas,0.0625,0.5
004535,,,9.9,5,ARNES DE SEGURIDAD CON ESLINGA-CORPORAL,,,5,0.333333333333333,,,Horas,0.5,4
004757,,,9.9,5,CUERPO DE ANDAMIO,,,2,0.133333333333333,,,Horas,0.1875,1.5
004755,,,9.9,5,ESCALERA TIPO TIJERA,,,2,0.133333333333333,,,Horas,0.5,4
004561,,,9.9,5,ESMERIL  4.1/2´´-VARIOS,,,8,0.533333333333333,,,Horas,0.34375,2.75
9.10,,,9,2,"SUMINISTRO, TRANSPORTE Y APLICACIÓN DE PROMOTOR DE ADHERENCIA EN LÁMINAS GALVANIZADAS DE PANTALLA ASOCIADA A TRANSPORTADOR DE DESCARGA. (LADO EXTERIOR).",,,,175,100,8,M2,,
001688,,,9.10,3,FONDO WASH PRIMER METAL GALVANIZADO METRO PAINT,,,5.14285714285714E-02,5.14285714285714E-02,,,galon,27.5,
002210,,,9.10,3,MASCARILLA 3M MEDIA CARA MODELO 6200 TIPO RESPIRADOR,,,8.5714285714286E-03,8.5714285714286E-03,,,Pza,22.7692,
003197,,,9.10,3,THINNER ACRILICO,,,2.31884057971014E-02,2.31884057971014E-02,,,galon,11.9233,
003546,,,9.10,3,TRAPOS DE LIMPIEZA ( SACO),,,2.8571428571429E-03,2.8571428571429E-03,,,Saco,35,
000545,,,9.10,3,"BROCHA 3"" MATERIAL MANGO PLASTICO CERDA NATURAL",,,3.47826086956522E-02,3.47826086956522E-02,,,Pza,1.317,
000307,,,9.10,4,AYUDANTE,,,4,0.32,,,Horas,1.19125,9.53
002479,,,9.10,4,PINTOR DE 1a,,,1,0.08,,,Horas,1.56875,12.55
003014,,,9.10,4,SUPERVISOR DE SEGURIDAD,,,0.25,0.02,,,Horas,2.49625,19.97
000767,,,9.10,4,CAPATAZ,,,0.5,0.04,,,Horas,2.2075,17.66
004729,,,9.10,5,FORMALETAS PARA ANDAMIO,,,4,0.32,,,Horas,0.0625,0.5
004535,,,9.10,5,ARNES DE SEGURIDAD CON ESLINGA-CORPORAL,,,5,0.4,,,Horas,0.5,4
004757,,,9.10,5,CUERPO DE ANDAMIO,,,2,0.16,,,Horas,0.1875,1.5
004755,,,9.10,5,ESCALERA TIPO TIJERA,,,2,0.16,,,Horas,0.5,4
%*M,,,9.10,6,TRANSPORTE DE MATERIALES,,,,,,,%,15,
9.11,,,9,2,"SUMINISTRO, TRANSPORTE Y APLICACIÓN DE FONDO Y PINTURA EN LÁMINAS DE PANTALLA ASOCIADA A TRANSPORTADOR DE DESCARGA. (LADO EXTERIOR).",,,,350,100,8,M2,,
001539,,,9.11,3,FILTRO 3M 2071 P-95 PARA MASCARA MEDIA CARA,,,4.2857142857143E-03,4.2857142857143E-03,,,Pza,8.49,
001681,,,9.11,3,FONDO ANTICORROSIVO GRIS,,,5.79710144927536E-02,5.79710144927536E-02,,,galon,39.9432,
002210,,,9.11,3,MASCARILLA 3M MEDIA CARA MODELO 6200 TIPO RESPIRADOR,,,4.2857142857143E-03,4.2857142857143E-03,,,Pza,22.7692,
002210,,,9.11,3,MASCARILLA 3M MEDIA CARA MODELO 6200 TIPO RESPIRADOR,,,5.7971014492754E-03,5.7971014492754E-03,,,Pza,22.7692,
002521,,,9.11,3,PINTURA ESMALTE ALUMINIO DIFUSO,,,5.79710144927536E-02,5.79710144927536E-02,,,galon,44.806,
003197,,,9.11,3,THINNER ACRILICO,,,4.63768115942029E-02,4.63768115942029E-02,,,galon,11.9233,
003218,,,9.11,3,"TIRRO DE PAPEL 1""",,,3.42857142857143E-02,3.42857142857143E-02,,,Pza,0.7965,
003546,,,9.11,3,TRAPOS DE LIMPIEZA ( SACO),,,2.8571428571429E-03,2.8571428571429E-03,,,Saco,35,
000545,,,9.11,3,"BROCHA 3"" MATERIAL MANGO PLASTICO CERDA NATURAL",,,1.73913043478261E-02,1.73913043478261E-02,,,Pza,1.317,
000307,,,9.11,4,AYUDANTE,,,2,0.16,,,Horas,1.19125,9.53
002479,,,9.11,4,PINTOR DE 1a,,,1,0.08,,,Horas,1.56875,12.55
003014,,,9.11,4,SUPERVISOR DE SEGURIDAD,,,0.25,0.02,,,Horas,2.49625,19.97
000767,,,9.11,4,CAPATAZ,,,0.5,0.04,,,Horas,2.2075,17.66
004570,,,9.11,5,EXTENSION ELECTRICA-ESTANDAR,,,4,0.32,,,Horas,0.17125,1.37
004729,,,9.11,5,FORMALETAS PARA ANDAMIO,,,4,0.32,,,Horas,0.0625,0.5
004535,,,9.11,5,ARNES DE SEGURIDAD CON ESLINGA-CORPORAL,,,3,0.24,,,Horas,0.5,4
004552,,,9.11,5,COMPRESOR DE AIRE- ELECTRICO,,,1,0.08,,,Horas,0.75,6
004757,,,9.11,5,CUERPO DE ANDAMIO,,,2,0.16,,,Horas,0.1875,1.5
004558,,,9.11,5,EQUIPO DE PINTURA ESTÁNDAR BAJA-PISTOLA DE CARGA POR SU,,,1,0.08,,,Horas,2,16
004755,,,9.11,5,ESCALERA TIPO TIJERA,,,2,0.16,,,Horas,0.5,4
%*M,,,9.11,6,TRANSPORTE DE MATERIALES,,,,,,,%,30,
9.12,,,9,2,REPARACIÓN E INSTALACIÓN DE PUERTAS LATERALES UBICADAS EN LAS PANTALLAS DEL TRANSPORTADOR DE DESCARGA.,,,,12,4,8,PZA,,
001299,,,9.12,3,"DISCO DE CORTE D EXT 4 1/2"" ESP 1/8""",,,8.33333333333333E-02,8.33333333333333E-02,,,Pza,1.1513,
001312,,,9.12,3,"DISCO DE DESBASTE DIAMETRO 4 1/2"" EJE 1/4"" ESP 7/8""",,,8.33333333333333E-02,8.33333333333333E-02,,,Pza,3.4189,
001358,,,9.12,3,ELECTRODO E 7018 ARCO ELEC PARA AC DIAM 1/8 X L 350 MM ,,,0.416666666666667,0.416666666666667,,,kg,4.0267,
013670,,,9.12,3,"BISAGRA 3"" HN SOLDABLE",,,3,3,,,Unidades,2,
001532,,,9.12,4,FABRICADOR 1RA,,,1,2,,,Horas,1.6425,13.14
000307,,,9.12,4,AYUDANTE,,,2,4,,,Horas,1.19125,9.53
003014,,,9.12,4,SUPERVISOR DE SEGURIDAD,,,0.25,0.5,,,Horas,2.49625,19.97
000767,,,9.12,4,CAPATAZ,,,0.5,1,,,Horas,2.2075,17.66
002998,,,9.12,4,SOLDADOR DE 1ERA,,,1,2,,,Horas,1.56875,12.55
011960,,,9.12,5,EXTENSION ELECTRICA 220V,,,4,8,,,Horas,0.29375,2.35
008053,,,9.12,5,NIVEL DE GOTA 40CM,,,1,2,,,Horas,0.0125,0.1
004544,,,9.12,5,CARETA FACIAL-ESTANDAR,,,2,4,,,Horas,0.125,1
004658,,,9.12,5,SOLDADORA ELECTRICA-450 DC,,,1,2,,,Horas,5.125,41
007991,,,9.12,5,ESCUADRA DE 12 PULG,,,1,2,,,Horas,0.03125,0.25
004745,,,9.12,5,ESCUADRA DE 24 PULG,,,1,2,,,Horas,0.02,0.16
004561,,,9.12,5,ESMERIL  4.1/2´´-VARIOS,,,2,4,,,Horas,0.34375,2.75
10,,,,1,"SUMINISTRO, TRANSPORTE Y COLOCACIÓN DE 31 M2 DE LÁMINAS LISAS PARA CUBIERTA DE TECHO DE CABEZOTE DE ELEVADORES Nro. 2 y Nro. 3 DE DESCARGA DE FRIJOL DE SOJA HACIA BATERÍA DE SILOS DE ALMACENAMIENTO",,,,,,,,,
10.1,,,10,2,INSTALACIÓN DE ANDAMIOS TIPO CUPLOCK.,,,,96,32,8,M3,,
003014,,,10.1,4,SUPERVISOR DE SEGURIDAD,,,0.25,0.0625,,,Horas,2.49625,19.97
000767,,,10.1,4,CAPATAZ,,,0.5,0.125,,,Horas,2.2075,17.66
000141,,,10.1,4,ANDAMIEROS,,,6,1.5,,,Horas,1.6425,13.14
004528,,,10.1,5,ABRAZADERA PARA ANDAMIO TUBULAR,,,6,1.5,,,Horas,0.0625,0.5
004535,,,10.1,5,ARNES DE SEGURIDAD CON ESLINGA-CORPORAL,,,7,1.75,,,Horas,0.5,4
10.2,,,10,2,ALQUILER DE ANDAMIOS TIPO CUPLOCK,,,,10,1,8,DIA,,
003548,,,10.2,3,TRASLADO EN CAMION 750 RUTA URBANA,,,0.2,0.2,,,Viaje,350,
004528,,,10.2,5,ABRAZADERA PARA ANDAMIO TUBULAR,,,384,3072,,,Horas,0.0625,0.5
004532,,,10.2,5,ANDAMIOS TUBULARES-TUBO ESTANDAR ML,,,768,6144,,,Horas,0.1125,0.9
10.3,,,10,2,"DESMONTAJE DE LÁMINAS DE CUBIERTA PARA CABEZOTE DE ELEVADORES NRO. 2 Y NRO. 3.
ALTURA: 50M",,,,1695,450,8,KG,,
011550,,,10.3,3,CILINDRO DE OXIGENO OXIROGA (CIL),,,1.1111111111111E-03,1.1111111111111E-03,,,CIL,37.2873,
001714,,,10.3,3,GAS PROPANO (RECARGA),,,0.02,0.02,,,kg,0.3496,
001532,,,10.3,4,FABRICADOR 1RA,,,2,3.55555555555556E-02,,,Horas,1.6425,13.14
000307,,,10.3,4,AYUDANTE,,,2,3.55555555555556E-02,,,Horas,1.19125,9.53
003014,,,10.3,4,SUPERVISOR DE SEGURIDAD,,,0.25,4.44444444444444E-03,,,Horas,2.49625,19.97
000767,,,10.3,4,CAPATAZ,,,0.5,8.88888888888889E-03,,,Horas,2.2075,17.66
004570,,,10.3,5,EXTENSION ELECTRICA-ESTANDAR,,,4,7.11111111111111E-02,,,Horas,0.17125,1.37
004535,,,10.3,5,ARNES DE SEGURIDAD CON ESLINGA-CORPORAL,,,5,8.88888888888889E-02,,,Horas,0.5,4
004731,,,10.3,5,MANDARRIA 2KG,,,1,1.77777777777778E-02,,,Horas,0.03125,0.25
004557,,,10.3,5,EQUIPO DE OXICORTE-HARRIS / VICTOR,,,2,3.55555555555556E-02,,,Horas,0.995,7.96
004561,,,10.3,5,ESMERIL  4.1/2´´-VARIOS,,,1,1.77777777777778E-02,,,Horas,0.34375,2.75
004562,,,10.3,5,ESMERIL 7´´-VARIOS,,,1,1.77777777777778E-02,,,Horas,0.51125,4.09
10.4,,,10,2,"DESMONTAJE DE ESTRUCTURA (CORREAS DE TECHO) ASOCIADA A CUBIERTA PARA CABEZOTE DE ELEVADORES NRO. 2 Y NRO. 3
ALTURA: 50M",,,,165,450,8,KG,,
011550,,,10.4,3,CILINDRO DE OXIGENO OXIROGA (CIL),,,6.0606060606061E-03,6.0606060606061E-03,,,CIL,37.2873,
001714,,,10.4,3,GAS PROPANO (RECARGA),,,2.72727272727273E-02,2.72727272727273E-02,,,kg,0.3496,
001532,,,10.4,4,FABRICADOR 1RA,,,2,3.55555555555556E-02,,,Horas,1.6425,13.14
000307,,,10.4,4,AYUDANTE,,,2,3.55555555555556E-02,,,Horas,1.19125,9.53
003014,,,10.4,4,SUPERVISOR DE SEGURIDAD,,,0.25,4.44444444444444E-03,,,Horas,2.49625,19.97
000767,,,10.4,4,CAPATAZ,,,0.5,8.88888888888889E-03,,,Horas,2.2075,17.66
004570,,,10.4,5,EXTENSION ELECTRICA-ESTANDAR,,,4,7.11111111111111E-02,,,Horas,0.17125,1.37
004535,,,10.4,5,ARNES DE SEGURIDAD CON ESLINGA-CORPORAL,,,5,8.88888888888889E-02,,,Horas,0.5,4
004731,,,10.4,5,MANDARRIA 2KG,,,1,1.77777777777778E-02,,,Horas,0.03125,0.25
004557,,,10.4,5,EQUIPO DE OXICORTE-HARRIS / VICTOR,,,2,3.55555555555556E-02,,,Horas,0.995,7.96
004561,,,10.4,5,ESMERIL  4.1/2´´-VARIOS,,,1,1.77777777777778E-02,,,Horas,0.34375,2.75
004562,,,10.4,5,ESMERIL 7´´-VARIOS,,,1,1.77777777777778E-02,,,Horas,0.51125,4.09
10.5,,,10,2,"SUMINISTRO, TRANSPORTE, CONFECCIÓN E INSTALACIÓN DE CORREAS DE TECHO PARA CUBIERTA DE CABEZOTE DE ELEVADORES NRO. 2 Y NRO. 3 UTILIZANDO PERFILES TIPO IPN-120 ",,,,665,225,8,KG,,
001298,,,10.5,3,DISCO DE CORTE 7 PLG EXTRAFINO  ACERO,,,4.5112781954887E-03,4.5112781954887E-03,,,Pza,1.6496,
001358,,,10.5,3,ELECTRODO E 7018 ARCO ELEC PARA AC DIAM 1/8 X L 350 MM ,,,7.5187969924812E-03,7.5187969924812E-03,,,kg,4.0267,
003986,,,10.5,3,VIGA  AC SECCION IPN ALT 120 MM ALA 58 MM LONG 6 M MATE,,,1.50375939849624E-02,1.50375939849624E-02,,,Pza,165,
001532,,,10.5,4,FABRICADOR 1RA,,,1,3.55555555555556E-02,,,Horas,1.6425,13.14
000307,,,10.5,4,AYUDANTE,,,2,7.11111111111111E-02,,,Horas,1.19125,9.53
003014,,,10.5,4,SUPERVISOR DE SEGURIDAD,,,0.25,8.88888888888889E-03,,,Horas,2.49625,19.97
000767,,,10.5,4,CAPATAZ,,,0.5,1.77777777777778E-02,,,Horas,2.2075,17.66
002998,,,10.5,4,SOLDADOR DE 1ERA,,,1,3.55555555555556E-02,,,Horas,1.56875,12.55
011960,,,10.5,5,EXTENSION ELECTRICA 220V,,,4,0.142222222222222,,,Horas,0.29375,2.35
004570,,,10.5,5,EXTENSION ELECTRICA-ESTANDAR,,,4,0.142222222222222,,,Horas,0.17125,1.37
004535,,,10.5,5,ARNES DE SEGURIDAD CON ESLINGA-CORPORAL,,,5,0.177777777777778,,,Horas,0.5,4
004731,,,10.5,5,MANDARRIA 2KG,,,1,3.55555555555556E-02,,,Horas,0.03125,0.25
008053,,,10.5,5,NIVEL DE GOTA 40CM,,,1,3.55555555555556E-02,,,Horas,0.0125,0.1
004544,,,10.5,5,CARETA FACIAL-ESTANDAR,,,3,0.106666666666667,,,Horas,0.125,1
004658,,,10.5,5,SOLDADORA ELECTRICA-450 DC,,,2,7.11111111111111E-02,,,Horas,5.125,41
004745,,,10.5,5,ESCUADRA DE 24 PULG,,,1,3.55555555555556E-02,,,Horas,0.02,0.16
004561,,,10.5,5,ESMERIL  4.1/2´´-VARIOS,,,2,7.11111111111111E-02,,,Horas,0.34375,2.75
10.6,,,10,2,"SUMINISTRO, TRANSPORTE Y APLICACIÓN DE FONDO ANTICORROSIVO Y PINTURA EN CORREAS DE TECHO PARA CUBIERTA DE CABEZOTE DE ELEVADORES NRO. 2 Y NRO. 3",,,,23,100,8,M2,,
001681,,,10.6,3,FONDO ANTICORROSIVO GRIS,,,4.34782608695652E-02,4.34782608695652E-02,,,galon,39.9432,
002521,,,10.6,3,PINTURA ESMALTE ALUMINIO DIFUSO,,,8.69565217391304E-02,8.69565217391304E-02,,,galon,44.806,
003197,,,10.6,3,THINNER ACRILICO,,,4.34782608695652E-02,4.34782608695652E-02,,,galon,11.9233,
000545,,,10.6,3,"BROCHA 3"" MATERIAL MANGO PLASTICO CERDA NATURAL",,,8.69565217391304E-02,8.69565217391304E-02,,,Pza,1.317,
000307,,,10.6,4,AYUDANTE,,,2,0.16,,,Horas,1.19125,9.53
002479,,,10.6,4,PINTOR DE 1a,,,1,0.08,,,Horas,1.56875,12.55
003014,,,10.6,4,SUPERVISOR DE SEGURIDAD,,,0.25,0.02,,,Horas,2.49625,19.97
000767,,,10.6,4,CAPATAZ,,,0.5,0.04,,,Horas,2.2075,17.66
004570,,,10.6,5,EXTENSION ELECTRICA-ESTANDAR,,,4,0.32,,,Horas,0.17125,1.37
004535,,,10.6,5,ARNES DE SEGURIDAD CON ESLINGA-CORPORAL,,,2,0.16,,,Horas,0.5,4
004552,,,10.6,5,COMPRESOR DE AIRE- ELECTRICO,,,1,0.08,,,Horas,0.75,6
004558,,,10.6,5,EQUIPO DE PINTURA ESTÁNDAR BAJA-PISTOLA DE CARGA POR SU,,,1,0.08,,,Horas,2,16
10.7,,,10,2,"SUMINISTRO, TRANSPORTE Y COLOCACIÓN DE CUBIERTA DE TECHO PARA CABEZOTE DE ELEVADORES NRO. 2 Y NRO. 3 UTILIZANDO LÁMINAS DE ALUMINIO NORAL DE 1MM. INCLUYE ACARREO DE LÁMINAS",,,,36,14.4,8,M2,,
001984,,,10.7,3,"LAMINA ALUMINIO NORAL ACAN ANCHO T 0,94 UTIL 0,89 M ESP",,,0.388888888888889,0.388888888888889,,,Pza,10,
013935,,,10.7,3,SIKAFLEX 1-A SELLADOR Y ADHESIVO ELASTOMERICO CARTUCHO ,,,0.111111111111111,0.111111111111111,,,Pza,16.8139,
003307,,,10.7,3,TORNILLO AUTOTALADRANTE 14 X 1 1/2 PLG,,,5.55555555555556,5.55555555555556,,,Pza,0.27,
000307,,,10.7,4,AYUDANTE,,,2,1.1111111405455,,,Horas,1.19125,9.53
003014,,,10.7,4,SUPERVISOR DE SEGURIDAD,,,0.25,0.138888892568188,,,Horas,2.49625,19.97
000767,,,10.7,4,CAPATAZ,,,0.5,0.277777785136376,,,Horas,2.2075,17.66
003099,,,10.7,4,TECHERO,,,2,1.1111111405455,,,Horas,1.56875,12.55
004729,,,10.7,5,FORMALETAS PARA ANDAMIO,,,4,2.22222228109101,,,Horas,0.0625,0.5
1637,,,10.7,5,TALADRO INALAMBRICO 1/2',,,4,2.22222228109101,,,Horas,0.6375,5.1
004535,,,10.7,5,ARNES DE SEGURIDAD CON ESLINGA-CORPORAL,,,5,2.77777785136376,,,Horas,0.5,4
004750,,,10.7,5,JUEGO DE DADOS HEXAGONALES PULG CUADRANTE 3/4',,,4,2.22222228109101,,,Horas,0.2675,2.14
013819,,,10.7,5,PISTOLA DE CALEFATEO,,,2,1.1111111405455,,,Horas,0.0625,0.5
014413,,,10.7,5,REMACHADORA MANUAL,,,1,0.555555570272752,,,Horas,0.0625,0.5
004757,,,10.7,5,CUERPO DE ANDAMIO,,,2,1.1111111405455,,,Horas,0.1875,1.5
004755,,,10.7,5,ESCALERA TIPO TIJERA,,,2,1.1111111405455,,,Horas,0.5,4
10.8,,,10,2,"SUMINISTRO, TRANSPORTE Y COLOCACIÓN DE CUMBRERA DE LÁMINA ALUMINIO NORAL DE 1MM PARA CUBIERTA DE CABEZOTE DE ELEVADORES NRO. 2 Y NRO. 3.  INCLUYE ACARREO DE LÁMINAS.",,,,6,12,8,ML,,
009419,,,10.8,3,"CUMBRERA EN ALUMINIO 0,30 M X 1 MM X 2,40 M",,,0.416666666666667,0.416666666666667,,,Pza,40,
015888,,,10.8,3,"REMACHE 1/8"" X 1/2""",,,16.6666666666667,16.6666666666667,,,Pza,0.05,
013935,,,10.8,3,SIKAFLEX 1-A SELLADOR Y ADHESIVO ELASTOMERICO CARTUCHO ,,,0.166666666666667,0.166666666666667,,,Pza,16.8139,
003307,,,10.8,3,TORNILLO AUTOTALADRANTE 14 X 1 1/2 PLG,,,8.33333333333333,8.33333333333333,,,Pza,0.27,
000307,,,10.8,4,AYUDANTE,,,2,1.33333333333333,,,Horas,1.19125,9.53
003014,,,10.8,4,SUPERVISOR DE SEGURIDAD,,,0.25,0.166666666666667,,,Horas,2.49625,19.97
000767,,,10.8,4,CAPATAZ,,,0.5,0.333333333333333,,,Horas,2.2075,17.66
003099,,,10.8,4,TECHERO,,,2,1.33333333333333,,,Horas,1.56875,12.55
004729,,,10.8,5,FORMALETAS PARA ANDAMIO,,,4,2.66666666666667,,,Horas,0.0625,0.5
1637,,,10.8,5,TALADRO INALAMBRICO 1/2',,,4,2.66666666666667,,,Horas,0.6375,5.1
004535,,,10.8,5,ARNES DE SEGURIDAD CON ESLINGA-CORPORAL,,,5,3.33333333333333,,,Horas,0.5,4
004750,,,10.8,5,JUEGO DE DADOS HEXAGONALES PULG CUADRANTE 3/4',,,4,2.66666666666667,,,Horas,0.2675,2.14
013819,,,10.8,5,PISTOLA DE CALEFATEO,,,2,1.33333333333333,,,Horas,0.0625,0.5
014413,,,10.8,5,REMACHADORA MANUAL,,,1,0.666666666666667,,,Horas,0.0625,0.5
004757,,,10.8,5,CUERPO DE ANDAMIO,,,2,1.33333333333333,,,Horas,0.1875,1.5
004755,,,10.8,5,ESCALERA TIPO TIJERA,,,2,1.33333333333333,,,Horas,0.5,4
10.9,,,10,2,"DESINSTALACIÓN DE ANDAMIOS TIPO CUPLOCK
INCLUYE ACARREO DEL MATERIAL",,,,96,48,8,M3,,
003014,,,10.9,4,SUPERVISOR DE SEGURIDAD,,,0.25,4.16666666666667E-02,,,Horas,2.49625,19.97
000767,,,10.9,4,CAPATAZ,,,0.5,8.33333333333333E-02,,,Horas,2.2075,17.66
000141,,,10.9,4,ANDAMIEROS,,,6,1,,,Horas,1.6425,13.14
004528,,,10.9,5,ABRAZADERA PARA ANDAMIO TUBULAR,,,6,1,,,Horas,0.0625,0.5
004535,,,10.9,5,ARNES DE SEGURIDAD CON ESLINGA-CORPORAL,,,7,1.16666666666667,,,Horas,0.5,4
13,,,,1,"SUMINISTRO, TRANSPORTE Y COLOCACIÓN DE 12 M DE CANAL DE AGUAS DE LLUVIA DE TECHO DE CASETA DE CONTROL DE ELEVADOR DE RECEPCIÓN DE MATERIA PRIMA (FRIJOL DE SOJA). DESARROLLO 65CM, SOPORTE EN PLETINA DE 1” Y BAJANTES DE 4”.",,,,,,,,,
13.1,,,13,2,DESMONTAJE DE CANAL DE AGUA DE LLUVIA EXISTENTE. INCLUYE BAJANTE DE AGUA EXISTENTE Y BOTE DE MATERIAL DESECHABLE.,,,,13,13,8,ML,,
001299,,,13.1,3,"DISCO DE CORTE D EXT 4 1/2"" ESP 1/8""",,,0.307692307692308,0.307692307692308,,,Pza,1.1513,
014435,,,13.1,3,MECATE DE 5/8 MATERIAL POLIPROPILENO (PRESENTACION EN M,,,1.53846153846154,1.53846153846154,,,m,0.85,
002920,,,13.1,3,SERVICIO DE VOLTEO 9M3,,,7.69230769230769E-02,7.69230769230769E-02,,,Viaje,150,
000307,,,13.1,4,AYUDANTE,,,2,1.23076923076923,,,Horas,1.19125,9.53
003014,,,13.1,4,SUPERVISOR DE SEGURIDAD,,,0.25,0.153846153846154,,,Horas,2.49625,19.97
000767,,,13.1,4,CAPATAZ,,,0.5,0.307692307692308,,,Horas,2.2075,17.66
002291,,,13.1,4,MONTADOR,,,1,0.615384615384615,,,Horas,1.6425,13.14
004570,,,13.1,5,EXTENSION ELECTRICA-ESTANDAR,,,2,1.23076923076923,,,Horas,0.17125,1.37
004729,,,13.1,5,FORMALETAS PARA ANDAMIO,,,4,2.46153846153846,,,Horas,0.0625,0.5
008038,,,13.1,5,LLAVE AJUSTABLE DE 15 PULG,,,1,0.615384615384615,,,Horas,0.0375,0.3
004527,,,13.1,5,ALICATE DE PRESION,,,1,0.615384615384615,,,Horas,0.02375,0.19
004757,,,13.1,5,CUERPO DE ANDAMIO,,,6,3.69230769230769,,,Horas,0.1875,1.5
004561,,,13.1,5,ESMERIL  4.1/2´´-VARIOS,,,1,0.615384615384615,,,Horas,0.34375,2.75
13.2,,,13,2,"SUMINISTRO, TRANSPORTE Y COLOCACION DE CANAL DE AGUA DE LLUVIA EN HIERRO GALVANIZADO HG, CALIBRE 20, LONGITUD DE DESARROLLO = 0.65M. INCLUYE 4 BOQUILLAS PARA BAJANTE DE 4"", 6 TAPAS, SOPORTES EN ANGULO DE 1"".",,,,13,4.333,8,ML,,
008193,,,13.2,3,CEMENTO PLASTICO,,,3.84615384615385E-02,3.84615384615385E-02,,,galon,20,
000827,,,13.2,3,CEPILLO DE ALAMBRE MANGO DE MADERA,,,0.5,0.5,,,Pza,0.8458,
001299,,,13.2,3,"DISCO DE CORTE D EXT 4 1/2"" ESP 1/8""",,,0.230769230769231,0.230769230769231,,,Pza,1.1513,
014088,,,13.2,3,"ANGULO AC SECCION L  ALTURA 25,4 MM ESP 3 MM LONG 6 M M",,,0.230769230769231,0.230769230769231,,,Pza,14,
001354,,,13.2,3,ELECTRODO E 6010 ARCO ELECT PARA AC DIAM 3/32 X L 350 M,,,0.153846153846154,0.153846153846154,,,kg,4.7,
001681,,,13.2,3,FONDO ANTICORROSIVO GRIS,,,3.84615384615385E-02,3.84615384615385E-02,,,galon,39.9432,
001953,,,13.2,3,"LAMINA AG GALVANIZADA LISA ANCHO 1,2 M ESP 1,2 MM CAL 1",,,0.230769230769231,0.230769230769231,,,Pza,50.4425,
002243,,,13.2,3,"MECHA CILINDRICA H.S.S PARA ACERO DIAMETRO 3/16""",,,7.69230769230769E-02,7.69230769230769E-02,,,Pza,2.7945,
002520,,,13.2,3,PINTURA ESMALTE ALUMINIO,,,3.84615384615385E-02,3.84615384615385E-02,,,galon,29.522,
002778,,,13.2,3,REMACHE 3/16 X 1/2 PLG,,,3.84615384615385,3.84615384615385,,,Unidades,0.0464,
000544,,,13.2,3,"BROCHA 2"" MATERIAL MANGO PLASTICO CERDA NATURAL",,,0.153846153846154,0.153846153846154,,,Pza,0.8003,
000307,,,13.2,4,AYUDANTE,,,2,3.69259158178313,,,Horas,1.19125,9.53
003014,,,13.2,4,SUPERVISOR DE SEGURIDAD,,,0.25,0.461573947722891,,,Horas,2.49625,19.97
000767,,,13.2,4,CAPATAZ,,,0.5,0.923147895445782,,,Horas,2.2075,17.66
002343,,,13.2,4,OPERADOR ,,,0.5,0.923147895445782,,,Horas,1.6425,13.14
002291,,,13.2,4,MONTADOR,,,1,1.84629579089156,,,Horas,1.6425,13.14
004570,,,13.2,5,EXTENSION ELECTRICA-ESTANDAR,,,2,3.69259158178313,,,Horas,0.17125,1.37
004729,,,13.2,5,FORMALETAS PARA ANDAMIO,,,4,7.38518316356625,,,Horas,0.0625,0.5
004746,,,13.2,5,KIT DE HERRAMIENTAS MENORES,,,1,1.84629579089156,,,Horas,0.2625,2.1
008038,,,13.2,5,LLAVE AJUSTABLE DE 15 PULG,,,1,1.84629579089156,,,Horas,0.0375,0.3
014413,,,13.2,5,REMACHADORA MANUAL,,,2,3.69259158178313,,,Horas,0.0625,0.5
004658,,,13.2,5,SOLDADORA ELECTRICA-450 DC,,,1,1.84629579089156,,,Horas,5.125,41
004670,,,13.2,5,TALADRO-,,,1,1.84629579089156,,,Horas,0.1975,1.58
004527,,,13.2,5,ALICATE DE PRESION,,,1,1.84629579089156,,,Horas,0.02375,0.19
CH-JMT,,,13.2,5,CIZALLA HIDRÁULICA JMT,,,0.25,0.461573947722891,,,Horas,3.90625,31.25
004757,,,13.2,5,CUERPO DE ANDAMIO,,,6,11.0777747453494,,,Horas,0.1875,1.5
DH-JMT,,,13.2,5,DOBLADORA HIDRÁULICA JMT,,,0.25,0.461573947722891,,,Horas,3.90625,31.25
004561,,,13.2,5,ESMERIL  4.1/2´´-VARIOS,,,1,1.84629579089156,,,Horas,0.34375,2.75
13.3,,,13,2,"SUMINISTRO Y COLOCACIÓN DE TUBERIA DE PVC D=4"", PARA BAJANTES DE AGUA DE LLUVIA. INCLUYE SOPORTES DE FIJACION.",,,,12,12,8,ML,,
001003,,,13.3,3,CODO 45° PVC X 4 PLG (SEMICODO) A/NEG,,,8.33333333333333E-02,8.33333333333333E-02,,,Pza,5,
001052,,,13.3,3,CODO 90° PVC X 4 PLG A/N,,,0.333333333333333,0.333333333333333,,,Pza,4.3933,
001299,,,13.3,3,"DISCO DE CORTE D EXT 4 1/2"" ESP 1/8""",,,0.166666666666667,0.166666666666667,,,Pza,1.1513,
001357,,,13.3,3,ELECTRODO E 6013 ARCO ELEC PARA AC DIAM 3/32 X L 350 MM,,,8.33333333333333E-02,8.33333333333333E-02,,,kg,3.2817,
014533,,,13.3,3,PEGA TANGIT P/TUBERIA ALTA PRESION,,,4.16666666666667E-02,4.16666666666667E-02,,,galon,51.77,
002587,,,13.3,3,PLETINA  AC RECTANGULAR  ANCHO 1 PLG ESP 3/16 PLG LON 6,,,8.33333333333333E-02,8.33333333333333E-02,,,Pza,10.1038,
003731,,,13.3,3,TUBO PVC A/N 4 PLG X 3 MTS,,,0.333333333333333,0.333333333333333,,,Pza,35,
004021,,,13.3,3,YEE 45° PVC 4 PLG,,,8.33333333333333E-02,8.33333333333333E-02,,,Pza,9.63,
000543,,,13.3,3,"BROCHA 1"" MATERIAL MANGO PLASTICO CERDA NATURAL",,,8.33333333333333E-02,8.33333333333333E-02,,,Pza,0.6488,
002599,,,13.3,4,PLOMERO DE 1a,,,1,0.666666666666667,,,Horas,1.56875,12.55
000307,,,13.3,4,AYUDANTE,,,2,1.33333333333333,,,Horas,1.19125,9.53
003014,,,13.3,4,SUPERVISOR DE SEGURIDAD,,,0.25,0.166666666666667,,,Horas,2.49625,19.97
000767,,,13.3,4,CAPATAZ,,,0.5,0.333333333333333,,,Horas,2.2075,17.66
002998,,,13.3,4,SOLDADOR DE 1ERA,,,0.25,0.166666666666667,,,Horas,1.56875,12.55
011960,,,13.3,5,EXTENSION ELECTRICA 220V,,,1,0.666666666666667,,,Horas,0.29375,2.35
004570,,,13.3,5,EXTENSION ELECTRICA-ESTANDAR,,,2,1.33333333333333,,,Horas,0.17125,1.37
004729,,,13.3,5,FORMALETAS PARA ANDAMIO,,,4,2.66666666666667,,,Horas,0.0625,0.5
004731,,,13.3,5,MANDARRIA 2KG,,,2,1.33333333333333,,,Horas,0.03125,0.25
004544,,,13.3,5,CARETA FACIAL-ESTANDAR,,,1,0.666666666666667,,,Horas,0.125,1
004658,,,13.3,5,SOLDADORA ELECTRICA-450 DC,,,1,0.666666666666667,,,Horas,5.125,41
004757,,,13.3,5,CUERPO DE ANDAMIO,,,6,4,,,Horas,0.1875,1.5
004561,,,13.3,5,ESMERIL  4.1/2´´-VARIOS,,,1,0.666666666666667,,,Horas,0.34375,2.75
13.4,,,13,2,"PROPUESTA: INCREMENTO DE CANAL DE AGUA DE LLUVIA PERIMETRALMENTE AL GALPON DE RECEPCION DE SOJA.
SUMINISTRO, TRANSPORTE Y COLOCACION DE CANAL DE AGUA DE LLUVIA EN HIERRO GALVANIZADO HG, CALIBRE 20, LONGITUD DE DESARROLLO = 0.65M. INCLUYE 7 BOQUILLAS PARA",,,,49,3.92,8,ML,,
008193,,,13.4,3,CEMENTO PLASTICO,,,1.02040816326531E-02,1.02040816326531E-02,,,galon,20,
000827,,,13.4,3,CEPILLO DE ALAMBRE MANGO DE MADERA,,,0.5,0.5,,,Pza,0.8458,
001299,,,13.4,3,"DISCO DE CORTE D EXT 4 1/2"" ESP 1/8""",,,8.16326530612245E-02,8.16326530612245E-02,,,Pza,1.1513,
014088,,,13.4,3,"ANGULO AC SECCION L  ALTURA 25,4 MM ESP 3 MM LONG 6 M M",,,8.16326530612245E-02,8.16326530612245E-02,,,Pza,14,
001354,,,13.4,3,ELECTRODO E 6010 ARCO ELECT PARA AC DIAM 3/32 X L 350 M,,,4.08163265306122E-02,4.08163265306122E-02,,,kg,4.7,
001681,,,13.4,3,FONDO ANTICORROSIVO GRIS,,,1.02040816326531E-02,1.02040816326531E-02,,,galon,39.9432,
001953,,,13.4,3,"LAMINA AG GALVANIZADA LISA ANCHO 1,2 M ESP 1,2 MM CAL 1",,,0.224489795918367,0.224489795918367,,,Pza,50.4425,
002520,,,13.4,3,PINTURA ESMALTE ALUMINIO,,,1.02040816326531E-02,1.02040816326531E-02,,,galon,29.522,
002778,,,13.4,3,REMACHE 3/16 X 1/2 PLG,,,2.04081632653061,2.04081632653061,,,Unidades,0.0464,
002931,,,13.4,3,SERVICIOS DE FLETE,,,2.04081632653061E-02,2.04081632653061E-02,,,Unidades,150,
000544,,,13.4,3,"BROCHA 2"" MATERIAL MANGO PLASTICO CERDA NATURAL",,,4.08163265306122E-02,4.08163265306122E-02,,,Pza,0.8003,
000307,,,13.4,4,AYUDANTE,,,2,4.08163257362147,,,Horas,1.19125,9.53
003014,,,13.4,4,SUPERVISOR DE SEGURIDAD,,,0.25,0.510204071702683,,,Horas,2.49625,19.97
000767,,,13.4,4,CAPATAZ,,,0.5,1.02040814340537,,,Horas,2.2075,17.66
002343,,,13.4,4,OPERADOR ,,,0.5,1.02040814340537,,,Horas,1.6425,13.14
002291,,,13.4,4,MONTADOR,,,1,2.04081628681073,,,Horas,1.6425,13.14
011960,,,13.4,5,EXTENSION ELECTRICA 220V,,,1,2.04081628681073,,,Horas,0.29375,2.35
004570,,,13.4,5,EXTENSION ELECTRICA-ESTANDAR,,,2,4.08163257362147,,,Horas,0.17125,1.37
004729,,,13.4,5,FORMALETAS PARA ANDAMIO,,,4,8.16326514724293,,,Horas,0.0625,0.5
004746,,,13.4,5,KIT DE HERRAMIENTAS MENORES,,,1,2.04081628681073,,,Horas,0.2625,2.1
008038,,,13.4,5,LLAVE AJUSTABLE DE 15 PULG,,,1,2.04081628681073,,,Horas,0.0375,0.3
014413,,,13.4,5,REMACHADORA MANUAL,,,2,4.08163257362147,,,Horas,0.0625,0.5
004658,,,13.4,5,SOLDADORA ELECTRICA-450 DC,,,1,2.04081628681073,,,Horas,5.125,41
004670,,,13.4,5,TALADRO-,,,1,2.04081628681073,,,Horas,0.1975,1.58
004527,,,13.4,5,ALICATE DE PRESION,,,1,2.04081628681073,,,Horas,0.02375,0.19
CH-JMT,,,13.4,5,CIZALLA HIDRÁULICA JMT,,,0.25,0.510204071702683,,,Horas,3.90625,31.25
004757,,,13.4,5,CUERPO DE ANDAMIO,,,6,12.2448977208644,,,Horas,0.1875,1.5
DH-JMT,,,13.4,5,DOBLADORA HIDRÁULICA JMT,,,0.25,0.510204071702683,,,Horas,3.90625,31.25
004561,,,13.4,5,ESMERIL  4.1/2´´-VARIOS,,,1,2.04081628681073,,,Horas,0.34375,2.75
13.5,,,13,2,"PROPUESTA: INCREMENTO DE BAJANTES DE AGUA DE LLUVIA PERIMETRALMENTE AL GALPON DE RECEPCION DE SOJA.
SUMINISTRO Y COLOCACIÓN DE TUBERIA DE PVC D=4"", PARA BAJANTES DE AGUA DE LLUVIA. INCLUYE SOPORTES DE FIJACION.",,,,34,13.6,8,ML,,
001052,,,13.5,3,CODO 90° PVC X 4 PLG A/N,,,0.264705882352941,0.264705882352941,,,Pza,4.3933,
001299,,,13.5,3,"DISCO DE CORTE D EXT 4 1/2"" ESP 1/8""",,,5.88235294117647E-02,5.88235294117647E-02,,,Pza,1.1513,
001357,,,13.5,3,ELECTRODO E 6013 ARCO ELEC PARA AC DIAM 3/32 X L 350 MM,,,2.94117647058824E-02,2.94117647058824E-02,,,kg,3.2817,
014533,,,13.5,3,PEGA TANGIT P/TUBERIA ALTA PRESION,,,2.94117647058824E-02,2.94117647058824E-02,,,galon,51.77,
002587,,,13.5,3,PLETINA  AC RECTANGULAR  ANCHO 1 PLG ESP 3/16 PLG LON 6,,,2.94117647058824E-02,2.94117647058824E-02,,,Pza,10.1038,
003731,,,13.5,3,TUBO PVC A/N 4 PLG X 3 MTS,,,0.352941176470588,0.352941176470588,,,Pza,35,
000543,,,13.5,3,"BROCHA 1"" MATERIAL MANGO PLASTICO CERDA NATURAL",,,2.94117647058824E-02,2.94117647058824E-02,,,Pza,0.6488,
000307,,,13.5,4,AYUDANTE,,,2,1.17647055523618,,,Horas,1.19125,9.53
003014,,,13.5,4,SUPERVISOR DE SEGURIDAD,,,0.25,0.147058819404523,,,Horas,2.49625,19.97
000767,,,13.5,4,CAPATAZ,,,0.5,0.294117638809046,,,Horas,2.2075,17.66
002291,,,13.5,4,MONTADOR,,,1,0.588235277618092,,,Horas,1.6425,13.14
004570,,,13.5,5,EXTENSION ELECTRICA-ESTANDAR,,,2,1.17647055523618,,,Horas,0.17125,1.37
004729,,,13.5,5,FORMALETAS PARA ANDAMIO,,,4,2.35294111047237,,,Horas,0.0625,0.5
004757,,,13.5,5,CUERPO DE ANDAMIO,,,6,3.52941166570855,,,Horas,0.1875,1.5
004561,,,13.5,5,ESMERIL  4.1/2´´-VARIOS,,,1,0.588235277618092,,,Horas,0.34375,2.75
14,,,,1,"SUMINISTRO, TRANSPORTE Y COLOCACIÓN 650 M2 DE LÁMINAS DE ALUMINIO TRAPEZOIDALES PARA CUBIERTA DE TECHO Y LATERALES EN ÁREA DE RECEPCIÓN DE MATERIA PRIMA (FRIJOL DE SOJA). INCLUYE FONDO Y PINTURA EN CORREAS DE TECHO Y ESTRUCTURA.",,,,,,,,,
14.1,,,14,2,DESMONTAJE DE LÁMINAS TRAPEZOIDALES GALVANIZADAS EN CUBIERTA TECHO.,,,,336,67.2,8,M2,,
001778,,,14.1,3,GUAYA DE ACERO 3/8 PLG  ALTA TENSION  (MTS),,,0.104166666666667,0.104166666666667,,,m,4.4,
002455,,,14.1,3,PERRO P/GUAYA 3/8 PLG,,,1.78571428571429E-02,1.78571428571429E-02,,,Pza,6.73,
000307,,,14.1,4,AYUDANTE,,,3,0.357142873361809,,,Horas,1.19125,9.53
003014,,,14.1,4,SUPERVISOR DE SEGURIDAD,,,0.25,2.97619061134841E-02,,,Horas,2.49625,19.97
000767,,,14.1,4,CAPATAZ,,,0.5,5.95238122269681E-02,,,Horas,2.2075,17.66
002291,,,14.1,4,MONTADOR,,,2,0.238095248907873,,,Horas,1.6425,13.14
004570,,,14.1,5,EXTENSION ELECTRICA-ESTANDAR,,,2,0.238095248907873,,,Horas,0.17125,1.37
004729,,,14.1,5,FORMALETAS PARA ANDAMIO,,,4,0.476190497815745,,,Horas,0.0625,0.5
1637,,,14.1,5,TALADRO INALAMBRICO 1/2',,,2,0.238095248907873,,,Horas,0.6375,5.1
008265,,,14.1,5,JUEGO DE DADOS CUD 3/4 PULG 23 PZA,,,1,0.119047624453936,,,Horas,0.25,2
015788,,,14.1,5,JUEGO LLAVES COMBINADA COMBO MM/PULG 20PZA,,,1,0.119047624453936,,,Horas,0.125,1
004731,,,14.1,5,MANDARRIA 2KG,,,2,0.238095248907873,,,Horas,0.03125,0.25
004527,,,14.1,5,ALICATE DE PRESION,,,1,0.119047624453936,,,Horas,0.02375,0.19
004757,,,14.1,5,CUERPO DE ANDAMIO,,,6,0.714285746723618,,,Horas,0.1875,1.5
004561,,,14.1,5,ESMERIL  4.1/2´´-VARIOS,,,1,0.119047624453936,,,Horas,0.34375,2.75
14.2,,,14,2,"PREPARACIÓN DE ESTRUCTURA METALICA POR MEDIOS MANUALES Y MECANICOS PARA EL REVESTIMIENTO CON PINTURA ANTICORROSIVA. INCLUYE: COLUMNAS METALICAS, VIGAS PRINCIPALES Y CORREAS EN TECHO Y PANTALLA.",,,,225.18,45,8,M2,,
000827,,,14.2,3,CEPILLO DE ALAMBRE MANGO DE MADERA,,,1.77635669242384E-02,1.77635669242384E-02,,,Pza,0.8458,
000831,,,14.2,3,CEPILLO DE ALAMBRE TIPO COPA PARA ESMERIL DIAM 4 PLG PA,,,8.8817834621192E-03,8.8817834621192E-03,,,Pza,3.98,
001306,,,14.2,3,"DISCO DE CORTE EXTRAFINO D EXT 4 1/2"" ESP 1/16"" P/ META",,,1.77635669242384E-02,1.77635669242384E-02,,,Pza,0.8324,
001312,,,14.2,3,"DISCO DE DESBASTE DIAMETRO 4 1/2"" EJE 1/4"" ESP 7/8""",,,4.4408917310596E-03,4.4408917310596E-03,,,Pza,3.4189,
001358,,,14.2,3,ELECTRODO E 7018 ARCO ELEC PARA AC DIAM 1/8 X L 350 MM ,,,8.8817834621192E-03,8.8817834621192E-03,,,kg,4.0267,
001681,,,14.2,3,FONDO ANTICORROSIVO GRIS,,,5.32907007727152E-02,5.32907007727152E-02,,,galon,39.9432,
002065,,,14.2,3,"LIJA DE AGUA GRANO 80 MICROFINA 9"" X 11"" MULTIUSO",,,0.044408917310596,0.044408917310596,,,Pliego,0.8607,
002522,,,14.2,3,PINTURA ESMALTE AMARILLO CAT,,,4.4408917310596E-03,4.4408917310596E-03,,,galon,43.4918,
002525,,,14.2,3,PINTURA ESMALTE AZUL INTENSO,,,5.32907007727152E-02,5.32907007727152E-02,,,galon,47.9617,
015895,,,14.2,3,PINTURA ESMALTE COLOR NEGRO,,,4.4408917310596E-03,4.4408917310596E-03,,,galon,60,
002839,,,14.2,3,"RODILLO 3 PLG, MANGO CON FUNDA PARA PINTURA DE CAUCHO S",,,2.66453503863576E-02,2.66453503863576E-02,,,Pza,3.4,
003197,,,14.2,3,THINNER ACRILICO,,,1.33226751931788E-02,1.33226751931788E-02,,,galon,11.9233,
000544,,,14.2,3,"BROCHA 2"" MATERIAL MANGO PLASTICO CERDA NATURAL",,,1.77635669242384E-02,1.77635669242384E-02,,,Pza,0.8003,
002342,,,14.2,4,OBRERO DE PRIMERA,,,4,0.711111111111111,,,Horas,1.19125,9.53
000307,,,14.2,4,AYUDANTE,,,1,0.177777777777778,,,Horas,1.19125,9.53
002479,,,14.2,4,PINTOR DE 1a,,,1,0.177777777777778,,,Horas,1.56875,12.55
003014,,,14.2,4,SUPERVISOR DE SEGURIDAD,,,0.25,4.44444444444444E-02,,,Horas,2.49625,19.97
000767,,,14.2,4,CAPATAZ,,,0.5,8.88888888888889E-02,,,Horas,2.2075,17.66
002998,,,14.2,4,SOLDADOR DE 1ERA,,,0.25,4.44444444444444E-02,,,Horas,1.56875,12.55
011960,,,14.2,5,EXTENSION ELECTRICA 220V,,,1,0.177777777777778,,,Horas,0.29375,2.35
004570,,,14.2,5,EXTENSION ELECTRICA-ESTANDAR,,,2,0.355555555555556,,,Horas,0.17125,1.37
004729,,,14.2,5,FORMALETAS PARA ANDAMIO,,,4,0.711111111111111,,,Horas,0.0625,0.5
015788,,,14.2,5,JUEGO LLAVES COMBINADA COMBO MM/PULG 20PZA,,,1,0.177777777777778,,,Horas,0.125,1
004544,,,14.2,5,CARETA FACIAL-ESTANDAR,,,1,0.177777777777778,,,Horas,0.125,1
004658,,,14.2,5,SOLDADORA ELECTRICA-450 DC,,,1,0.177777777777778,,,Horas,5.125,41
004552,,,14.2,5,COMPRESOR DE AIRE- ELECTRICO,,,1,0.177777777777778,,,Horas,0.75,6
004757,,,14.2,5,CUERPO DE ANDAMIO,,,6,1.06666666666667,,,Horas,0.1875,1.5
004558,,,14.2,5,EQUIPO DE PINTURA ESTÁNDAR BAJA-PISTOLA DE CARGA POR SU,,,1,0.177777777777778,,,Horas,2,16
004561,,,14.2,5,ESMERIL  4.1/2´´-VARIOS,,,1,0.177777777777778,,,Horas,0.34375,2.75
14.3,,,14,2,"COLOCACIÓN DE LÁMINAS TRAPEZOIDALES GALVANIZADAS, PARA CUBIERTA DE TECHO. CALIBRE 20 O MENOR. LARGO=5.60M",,,,336,42,8,M2,,
001977,,,14.3,3,"LAMINA ALUMINIO NORAL ACAN ANCHO T 0,94 UTIL 0,89 M ESP",,,0.20833,0.20833,,,Pza,75,
014435,,,14.3,3,MECATE DE 5/8 MATERIAL POLIPROPILENO (PRESENTACION EN M,,,5.95238095238095E-02,5.95238095238095E-02,,,m,0.85,
002340,,,14.3,3,NYLON DE COLOR BLANCO DIAMETRO 1 MM,,,0.005952380952381,0.005952380952381,,,Pza,2.4397,
013935,,,14.3,3,SIKAFLEX 1-A SELLADOR Y ADHESIVO ELASTOMERICO CARTUCHO ,,,2.97619047619048E-02,2.97619047619048E-02,,,Pza,16.8139,
003307,,,14.3,3,TORNILLO AUTOTALADRANTE 14 X 1 1/2 PLG,,,1.66666666666667,1.66666666666667,,,Pza,0.27,
003548,,,14.3,3,SERVICIO FLETE CAMION 750 (VALENCIA-ACARIGUA),,,2.9761904761905E-03,2.9761904761905E-03,,,Viaje,350,
000307,,,14.3,4,AYUDANTE,,,3,0.571428571428571,,,Horas,1.19125,9.53
003014,,,14.3,4,SUPERVISOR DE SEGURIDAD,,,0.25,4.76190476190476E-02,,,Horas,2.49625,19.97
000767,,,14.3,4,CAPATAZ,,,0.5,9.52380952380952E-02,,,Horas,2.2075,17.66
002343,,,14.3,4,OPERADOR ,,,0.5,9.52380952380952E-02,,,Horas,1.6425,13.14
002291,,,14.3,4,MONTADOR,,,4,0.761904761904762,,,Horas,1.6425,13.14
004570,,,14.3,5,EXTENSION ELECTRICA-ESTANDAR,,,2,0.380952380952381,,,Horas,0.17125,1.37
004729,,,14.3,5,FORMALETAS PARA ANDAMIO,,,4,0.761904761904762,,,Horas,0.0625,0.5
1637,,,14.3,5,TALADRO INALAMBRICO 1/2',,,2,0.380952380952381,,,Horas,0.6375,5.1
008265,,,14.3,5,JUEGO DE DADOS CUD 3/4 PULG 23 PZA,,,1,0.19047619047619,,,Horas,0.25,2
013819,,,14.3,5,PISTOLA DE CALEFATEO,,,2,0.380952380952381,,,Horas,0.0625,0.5
004527,,,14.3,5,ALICATE DE PRESION,,,1,0.19047619047619,,,Horas,0.02375,0.19
004757,,,14.3,5,CUERPO DE ANDAMIO,,,6,1.14285714285714,,,Horas,0.1875,1.5
004562,,,14.3,5,ESMERIL 7´´-VARIOS,,,1,0.19047619047619,,,Horas,0.51125,4.09
14.4,,,14,2,COLOCACIÓN DE CUMBRERA EN LÁMINA GALVANIZADA LISA PARA CUBIERTA DE TECHO. CALIBRE 20 O MENOR. LARGO=2.4M,,,,30,15,8,ML,,
009419,,,14.4,3,"CUMBRERA EN ALUMINIO 0,30 M X 1 MM X 2,40 M",,,0.416666666666667,0.416666666666667,,,Pza,40,
002778,,,14.4,3,REMACHE 3/16 X 1/2 PLG,,,8.33333333333333,8.33333333333333,,,Unidades,0.0464,
003307,,,14.4,3,TORNILLO AUTOTALADRANTE 14 X 1 1/2 PLG,,,4.66666666666667,4.66666666666667,,,Pza,0.27,
000307,,,14.4,4,AYUDANTE,,,2,1.06666666666667,,,Horas,1.19125,9.53
003014,,,14.4,4,SUPERVISOR DE SEGURIDAD,,,0.25,0.133333333333333,,,Horas,2.49625,19.97
000767,,,14.4,4,CAPATAZ,,,0.5,0.266666666666667,,,Horas,2.2075,17.66
002343,,,14.4,4,OPERADOR ,,,0.5,0.266666666666667,,,Horas,1.6425,13.14
002291,,,14.4,4,MONTADOR,,,2,1.06666666666667,,,Horas,1.6425,13.14
004729,,,14.4,5,FORMALETAS PARA ANDAMIO,,,4,2.13333333333333,,,Horas,0.0625,0.5
1637,,,14.4,5,TALADRO INALAMBRICO 1/2',,,2,1.06666666666667,,,Horas,0.6375,5.1
008265,,,14.4,5,JUEGO DE DADOS CUD 3/4 PULG 23 PZA,,,1,0.533333333333333,,,Horas,0.25,2
004527,,,14.4,5,ALICATE DE PRESION,,,1,0.533333333333333,,,Horas,0.02375,0.19
004757,,,14.4,5,CUERPO DE ANDAMIO,,,6,3.2,,,Horas,0.1875,1.5
14.5,,,14,2,MANTENIMIENTO Y REPARACION DE LAMINAS TRAPEZOIDALES GALVANIZADAS DE PANTALLA LATERAL. INCLUYE EL DESMONTAJE Y SUSTITUCION DE UN 30% DEL AREA TOTAL DE LAS LAMINAS QUE CONFORMAN LA PANTALLA (330*0.3=99M2). SE PROYECTA USAR COMO SUSTITUCION DE LAMINA DE PANT,,,,330,33,8,M2,,
000827,,,14.5,3,CEPILLO DE ALAMBRE MANGO DE MADERA,,,6.0606060606061E-03,6.0606060606061E-03,,,Pza,0.8458,
001299,,,14.5,3,"DISCO DE CORTE D EXT 4 1/2"" ESP 1/8""",,,1.51515151515152E-02,1.51515151515152E-02,,,Pza,1.1513,
001312,,,14.5,3,"DISCO DE DESBASTE DIAMETRO 4 1/2"" EJE 1/4"" ESP 7/8""",,,6.0606060606061E-03,6.0606060606061E-03,,,Pza,3.4189,
001688,,,14.5,3,FONDO WASH PRIMER METAL GALVANIZADO METRO PAINT,,,0.003030303030303,0.003030303030303,,,galon,27.5,
002065,,,14.5,3,"LIJA DE AGUA GRANO 80 MICROFINA 9"" X 11"" MULTIUSO",,,3.03030303030303E-02,3.03030303030303E-02,,,Pliego,0.8607,
002520,,,14.5,3,PINTURA ESMALTE ALUMINIO,,,5.15151515151515E-02,5.15151515151515E-02,,,galon,29.522,
003197,,,14.5,3,THINNER ACRILICO,,,6.0606060606061E-03,6.0606060606061E-03,,,galon,11.9233,
003307,,,14.5,3,TORNILLO AUTOTALADRANTE 14 X 1 1/2 PLG,,,0.909090909090909,0.909090909090909,,,Pza,0.27,
000307,,,14.5,4,AYUDANTE,,,3,0.727272727272727,,,Horas,1.19125,9.53
002479,,,14.5,4,PINTOR DE 1a,,,1,0.242424242424242,,,Horas,1.56875,12.55
003014,,,14.5,4,SUPERVISOR DE SEGURIDAD,,,0.25,6.06060606060606E-02,,,Horas,2.49625,19.97
000767,,,14.5,4,CAPATAZ,,,0.5,0.121212121212121,,,Horas,2.2075,17.66
002291,,,14.5,4,MONTADOR,,,2,0.484848484848485,,,Horas,1.6425,13.14
004570,,,14.5,5,EXTENSION ELECTRICA-ESTANDAR,,,2,0.484848484848485,,,Horas,0.17125,1.37
004729,,,14.5,5,FORMALETAS PARA ANDAMIO,,,4,0.96969696969697,,,Horas,0.0625,0.5
1637,,,14.5,5,TALADRO INALAMBRICO 1/2',,,2,0.484848484848485,,,Horas,0.6375,5.1
008265,,,14.5,5,JUEGO DE DADOS CUD 3/4 PULG 23 PZA,,,1,0.242424242424242,,,Horas,0.25,2
004731,,,14.5,5,MANDARRIA 2KG,,,2,0.484848484848485,,,Horas,0.03125,0.25
011984,,,14.5,5,MARTILLO DE GOMA,,,1,0.242424242424242,,,Horas,0.01875,0.15
004527,,,14.5,5,ALICATE DE PRESION,,,1,0.242424242424242,,,Horas,0.02375,0.19
004552,,,14.5,5,COMPRESOR DE AIRE- ELECTRICO,,,1,0.242424242424242,,,Horas,0.75,6
004757,,,14.5,5,CUERPO DE ANDAMIO,,,6,1.45454545454545,,,Horas,0.1875,1.5
004558,,,14.5,5,EQUIPO DE PINTURA ESTÁNDAR BAJA-PISTOLA DE CARGA POR SU,,,1,0.242424242424242,,,Horas,2,16
004745,,,14.5,5,ESCUADRA DE 24 PULG,,,1,0.242424242424242,,,Horas,0.02,0.16
004561,,,14.5,5,ESMERIL  4.1/2´´-VARIOS,,,1,0.242424242424242,,,Horas,0.34375,2.75
004562,,,14.5,5,ESMERIL 7´´-VARIOS,,,1,0.242424242424242,,,Horas,0.51125,4.09
15,,,,1,"MODIFICACIÓN DE ALTURA ÚTIL DE MUROS DE CONTENCIÓN (2 CARAS) EN ÁREA DE TOLVAS DE RECEPCIÓN DE MATERIA PRIMA H =45 CM L=30 M (FRIJOL DE SOJA). INCLUYE: DEMOLICION DE BROCAL EXISTENTE, PERFORACIÓN Y ANCLAJE DE ACERO DE REFUERZO, ENCOFRADO Y VACIADO DE CONC",,,,,,,,,
15.1,,,15,2,"DEMOLICION DE MURO DE CONCRETO A MANO CON EQUIPO LIVIANO. INCLUYE APILAMIENTO, LIMPIEZA Y BOTE DE ESCOMBROS",,,,3.71,1.24,8,M3,,
000841,,,15.1,3,CEPILLO PARA BARRER CERDA GRUESA,,,0.167224080267559,0.167224080267559,,,Pza,2.7644,
001299,,,15.1,3,"DISCO DE CORTE D EXT 4 1/2"" ESP 1/8""",,,0.539083557951483,0.539083557951483,,,Pza,1.1513,
014442,,,15.1,3,SERVICIO DE ALQUILER COMPRESOR NEUMATICO CON MARTILLO P,,,0.269541778975741,0.269541778975741,,,DIAS,221,
002920,,,15.1,3,SERVICIO DE VOLTEO 9M3,,,0.269541778975741,0.269541778975741,,,Viaje,150,
002342,,,15.1,4,OBRERO DE PRIMERA,,,3,19.3548385608209,,,Horas,1.19125,9.53
000125,,,15.1,4,ALBAÑIL DE 1a,,,0.25,1.61290321340174,,,Horas,1.56875,12.55
003014,,,15.1,4,SUPERVISOR DE SEGURIDAD,,,0.25,1.61290321340174,,,Horas,2.49625,19.97
000767,,,15.1,4,CAPATAZ,,,0.5,3.22580642680348,,,Horas,2.2075,17.66
004570,,,15.1,5,EXTENSION ELECTRICA-ESTANDAR,,,2,12.9032257072139,,,Horas,0.17125,1.37
012023,,,15.1,5,JUEGO DE CINCEL 7 PZAS,,,1,6.45161285360696,,,Horas,0.125,1
007963,,,15.1,5,BARRA DE ALBAÑILERIA,,,1,6.45161285360696,,,Horas,0.125,1
004731,,,15.1,5,MANDARRIA 2KG,,,2,12.9032257072139,,,Horas,0.03125,0.25
004741,,,15.1,5,PALA RECTANGULAR ALBAÑILERIA,,,3,19.3548385608209,,,Horas,0.11625,0.93
008054,,,15.1,5,PICO DE ALBAÑILERIA,,,1,6.45161285360696,,,Horas,0.0625,0.5
004736,,,15.1,5,CARRETILLA DE ALBAÑILERIA,,,1,6.45161285360696,,,Horas,0.15625,1.25
004674,,,15.1,5,TALADRO ROTO MARTILLO-TE-76ATC,,,0.5,3.22580642680348,,,Horas,3.90625,31.25
004561,,,15.1,5,ESMERIL  4.1/2´´-VARIOS,,,1,6.45161285360696,,,Horas,0.34375,2.75
15.2,,,15,2,CONFORMACION DEL AREA DONDE SE IMPLANTARA EL NUEVO MURO DE CONTENCION. INCLUYE: PERFILADO Y CORTE DE LA SECCION.,,,,8.25,4.125,8,M2,,
000841,,,15.2,3,CEPILLO PARA BARRER CERDA GRUESA,,,0.167224080267559,0.167224080267559,,,Pza,2.7644,
001302,,,15.2,3,DISCO DE CORTE DIAMANTADO SEGMENTADO CONCRETO DIAMETRO ,,,0.242424242424242,0.242424242424242,,,Pza,5.9833,
002342,,,15.2,4,OBRERO DE PRIMERA,,,2,3.87878787878788,,,Horas,1.19125,9.53
000125,,,15.2,4,ALBAÑIL DE 1a,,,0.25,0.484848484848485,,,Horas,1.56875,12.55
003014,,,15.2,4,SUPERVISOR DE SEGURIDAD,,,0.25,0.484848484848485,,,Horas,2.49625,19.97
000767,,,15.2,4,CAPATAZ,,,0.5,0.96969696969697,,,Horas,2.2075,17.66
004570,,,15.2,5,EXTENSION ELECTRICA-ESTANDAR,,,2,3.87878787878788,,,Horas,0.17125,1.37
012023,,,15.2,5,JUEGO DE CINCEL 7 PZAS,,,1,1.93939393939394,,,Horas,0.125,1
004746,,,15.2,5,KIT DE HERRAMIENTAS MENORES,,,1,1.93939393939394,,,Horas,0.2625,2.1
004731,,,15.2,5,MANDARRIA 2KG,,,2,3.87878787878788,,,Horas,0.03125,0.25
004736,,,15.2,5,CARRETILLA DE ALBAÑILERIA,,,1,1.93939393939394,,,Horas,0.15625,1.25
004562,,,15.2,5,ESMERIL 7´´-VARIOS,,,1,1.93939393939394,,,Horas,0.51125,4.09
15.3,,,15,2,"SUMINISTRO, TRANSPORTE, PREPARACION Y COLOCACION DE ACERO DE REFUERZO FY 4200 KGF/CM2, UTILIZANDO CABILLAS Nº 3 A Nº 4, PARA EL CONCRETO ARMADO CORRESPONDIENTE A OBRAS DE SERVICIOS.",,,,115,57.5,8,KG,,
000954,,,15.3,3,CLAVO ACERO 2 PLG LISO PUNTA AZUL,,,4.3478260869565E-03,4.3478260869565E-03,,,kg,9.0418,
000120,,,15.3,3,ALAMBRE LISO CAL 17 (kg),,,3.47826086956522E-02,3.47826086956522E-02,,,kg,2.3338,
001310,,,15.3,3,DISCO DE CORTE PARA TRONZADORA DIAMETRO 14 PLG,,,0.008695652173913,0.008695652173913,,,Pza,5.6516,
001411,,,15.3,3,EPOCRET III (GL),,,0.008695652173913,0.008695652173913,,,galon,380,
002255,,,15.3,3,"MECHA CILINDRICA PARA CONCRETO DIAMETRO 1/2""",,,0.008695652173913,0.008695652173913,,,Pza,2.08,
002340,,,15.3,3,NYLON DE COLOR BLANCO DIAMETRO 1 MM,,,0.008695652173913,0.008695652173913,,,Pza,2.4397,
000577,,,15.3,3,CABILLA ESTRIADA AC REDONDA DIAMETRO 3/8 PLG LONG 6 M A,,,0.130434782608696,0.130434782608696,,,Pza,5.0357,
015249,,,15.3,4,CABILLERO DE 1a,,,3,0.417391304347826,,,Horas,1.56875,12.55
003014,,,15.3,4,SUPERVISOR DE SEGURIDAD,,,0.25,3.47826086956522E-02,,,Horas,2.49625,19.97
000767,,,15.3,4,CAPATAZ,,,0.5,6.95652173913043E-02,,,Horas,2.2075,17.66
004570,,,15.3,5,EXTENSION ELECTRICA-ESTANDAR,,,2,0.278260869565217,,,Horas,0.17125,1.37
004735,,,15.3,5,MARTILLO CARPINTERO,,,2,0.278260869565217,,,Horas,0.0225,0.18
004674,,,15.3,5,TALADRO ROTO MARTILLO-TE-76ATC,,,0.5,6.95652173913043E-02,,,Horas,3.90625,31.25
004740,,,15.3,5,"TENAZA 8""",,,3,0.417391304347826,,,Horas,0.02375,0.19
004680,,,15.3,5,TRONZADORA -TRONZADORA 14'',,,1,0.139130434782609,,,Horas,0.5,4
008268,,,15.3,5,CINTA METRICA 8MTS,,,2,0.278260869565217,,,Horas,0.0625,0.5
004552,,,15.3,5,COMPRESOR DE AIRE- ELECTRICO,,,1,0.139130434782609,,,Horas,0.75,6
15.4,,,15,2,"ENCOFRADO DE MADERA, TIPO RECTO, ACABADO CORRIENTE PARA MUROS. INCLUYE EL DESENCOFRADO Y LIMPIEZA DEL AREA.",,,,50,10,8,M2,,
000955,,,15.4,3,"CLAVO ACERO AL CARBONO DE 4""",,,0.2,0.2,,,kg,7.38,
000960,,,15.4,3,CLAVO DULCE 3 PLG (kg),,,0.2,0.2,,,kg,4.0183,
000120,,,15.4,3,ALAMBRE LISO CAL 17 (kg),,,0.1,0.1,,,kg,2.3338,
001308,,,15.4,3,"DISCO DE CORTE PARA MADERA DIAMETRO 7""",,,0.02,0.02,,,Pza,5.25,
001310,,,15.4,3,DISCO DE CORTE PARA TRONZADORA DIAMETRO 14 PLG,,,0.02,0.02,,,Pza,5.6516,
013786,,,15.4,3,"TABLA DE MADERA DE PINO 3,66 MTS X 0,2 MTS X 5 CMS",,,0.68,0.68,,,Pza,16,
014148,,,15.4,3,"TABLA DE MADERA DE PINO 3,66 MTS X 15 CMS X 2,5 CMS",,,0.68,0.68,,,Pza,16,
016460,,,15.4,3,"TABLA DE MADERA DE PINO 3,66 MTS X 08 CMS X 2,5 CMS",,,0.28,0.28,,,Pza,16,
000573,,,15.4,3,CABILLA ESTRIADA AC REDONDA DIAMETRO 1/2 PLG LONG 6 M A,,,0.16,0.16,,,Pza,7.1856,
002342,,,15.4,4,OBRERO DE PRIMERA,,,2,1.6,,,Horas,1.19125,9.53
003014,,,15.4,4,SUPERVISOR DE SEGURIDAD,,,0.25,0.2,,,Horas,2.49625,19.97
000767,,,15.4,4,CAPATAZ,,,1,0.8,,,Horas,2.2075,17.66
004570,,,15.4,5,EXTENSION ELECTRICA-ESTANDAR,,,2,1.6,,,Horas,0.17125,1.37
007963,,,15.4,5,BARRA DE ALBAÑILERIA,,,1,0.8,,,Horas,0.125,1
004731,,,15.4,5,MANDARRIA 2KG,,,2,1.6,,,Horas,0.03125,0.25
008259,,,15.4,5,MANGUERA DE NIVEL 1/2,,,1,0.8,,,Horas,0.0625,0.5
004735,,,15.4,5,MARTILLO CARPINTERO,,,2,1.6,,,Horas,0.0225,0.18
008053,,,15.4,5,NIVEL DE GOTA 40CM,,,2,1.6,,,Horas,0.0125,0.1
007966,,,15.4,5,PATA DE CABRA,,,1,0.8,,,Horas,0.0625,0.5
004656,,,15.4,5,SIERRA-SIERRA CALADORA,,,1,0.8,,,Horas,0.75,6
004740,,,15.4,5,"TENAZA 8""",,,2,1.6,,,Horas,0.02375,0.19
004680,,,15.4,5,TRONZADORA -TRONZADORA 14'',,,1,0.8,,,Horas,0.5,4
008268,,,15.4,5,CINTA METRICA 8MTS,,,2,1.6,,,Horas,0.0625,0.5
15.5,,,15,2,"CONSTRUCCION DE BROCAL DE CONCRETO RCC 210 KGF/CM2 A LOS 28 DÍAS, VACIADO EN SITIO. INCLUYE EL TRANSPORTE DEL CEMENTO Y AGREGADOS HASTA 50KM.",,,,4,4,8,M3,,
000821,,,15.5,3,"CEMENTO GRIS (SACO DE 42,5 kg)",,,8,8,,,Saco,20,
008006,,,15.5,3,PIEDRA PICADA M3,,,0.5,0.5,,,M3,35,
007865,,,15.5,3,ARENA LAVADA M3,,,0.75,0.75,,,M3,35,
003050,,,15.5,3,TANQUE PARA AGUA EN POLIETILENO VERTICAL DE 500 LTS,,,0.25,0.25,,,Unidades,121.12,
002342,,,15.5,4,OBRERO DE PRIMERA,,,4,8,,,Horas,1.19125,9.53
000125,,,15.5,4,ALBAÑIL DE 1a,,,1,2,,,Horas,1.56875,12.55
003014,,,15.5,4,SUPERVISOR DE SEGURIDAD,,,0.25,0.5,,,Horas,2.49625,19.97
000767,,,15.5,4,CAPATAZ,,,0.5,1,,,Horas,2.2075,17.66
004746,,,15.5,5,KIT DE HERRAMIENTAS MENORES,,,1,2,,,Horas,0.2625,2.1
004741,,,15.5,5,PALA RECTANGULAR ALBAÑILERIA,,,3,6,,,Horas,0.11625,0.93
004736,,,15.5,5,CARRETILLA DE ALBAÑILERIA,,,1,2,,,Horas,0.15625,1.25
008138,,,15.5,5,TOBO DE ALBAÑILERIA,,,2,4,,,Horas,0.01875,0.15
004728,,,15.5,5,TROMPO MEZCLADOR DE CONCRETO,,,1,2,,,Horas,4.375,35
004730,,,15.5,5,VIBRADOR DE CONCRETO CON MANGUERA,,,1,2,,,Horas,1.875,15
15.6,,,15,2,SUMINISTRO Y APLICACIÓN DE SIKAFLEX COMO SELLADO DE JUNTAS FORMADA ENTRE BROCAL Y LAMINA DE CERRAMIENTO PANTALLA.,,,,110,55,8,ML,,
013935,,,15.6,3,SIKAFLEX 1-A SELLADOR Y ADHESIVO ELASTOMERICO CARTUCHO ,,,0.1,0.1,,,Pza,16.8139,
015884,,,15.6,3,TAMBOR METALICO CAPACIDAD 208 LITROS,,,9.0909090909091E-03,9.0909090909091E-03,,,Unidades,40,
004037,,,15.6,3,ASFALTO SOLIDO CILINDRO 45KG,,,9.0909090909091E-03,9.0909090909091E-03,,,Pza,125,
000544,,,15.6,3,"BROCHA 2"" MATERIAL MANGO PLASTICO CERDA NATURAL",,,1.81818181818182E-02,1.81818181818182E-02,,,Pza,0.8003,
002342,,,15.6,4,OBRERO DE PRIMERA,,,2,0.290909090909091,,,Horas,1.19125,9.53
000125,,,15.6,4,ALBAÑIL DE 1a,,,1,0.145454545454545,,,Horas,1.56875,12.55
003014,,,15.6,4,SUPERVISOR DE SEGURIDAD,,,0.25,3.63636363636364E-02,,,Horas,2.49625,19.97
000767,,,15.6,4,CAPATAZ,,,0.5,7.27272727272727E-02,,,Horas,2.2075,17.66
013819,,,15.6,5,PISTOLA DE CALEFATEO,,,2,0.290909090909091,,,Horas,0.0625,0.5
16,,,,1,"SUMINISTRO, TRANSPORTE Y COLOCACIÓN DE 400 M DE SELLADOR DE JUNTAS LOSAS DE CAMINERÍAS EXTERNAS Y PERÍMETRO DE SILOS DE ALMACENAMIENTO. INCLUYE COLOCACION DE 528 M2 DE PINTURA IMPERMEABILIZANTE ELASTOMÉRICA EN CARA EXTERNA DE MUROS DE SILOS H=2,00 M",,,,,,,,,
16.1,,,16,2,LIMPIEZA Y PREPARACIÓN DE SUPERFICIE (JUNTAS),,,,400,114.28,8,ML,,
000831,,,16.1,3,CEPILLO DE ALAMBRE TIPO COPA PARA ESMERIL DIAM 4 PLG PA,,,0.01,0.01,,,Pza,3.98,
000841,,,16.1,3,CEPILLO PARA BARRER CERDA GRUESA,,,0.005,0.005,,,Pza,2.7644,
001300,,,16.1,3,DISCO DE CORTE DE CONCRETO DIAMANTADO DIAMETRO  14 PLG,,,0.0025,0.0025,,,Pza,29.9823,
001303,,,16.1,3,DISCO DE CORTE DIAMANTADO SEGMENTADO DIAMETRO 7PLG ESP ,,,0.01,0.01,,,Pza,5.6,
002342,,,16.1,4,OBRERO DE PRIMERA,,,2,0.140007001845528,,,Horas,1.19125,9.53
000125,,,16.1,4,ALBAÑIL DE 1a,,,2,0.140007001845528,,,Horas,1.56875,12.55
003014,,,16.1,4,SUPERVISOR DE SEGURIDAD,,,0.25,0.017500875230691,,,Horas,2.49625,19.97
000767,,,16.1,4,CAPATAZ,,,0.25,0.017500875230691,,,Horas,2.2075,17.66
004570,,,16.1,5,EXTENSION ELECTRICA-ESTANDAR,,,2,0.140007001845528,,,Horas,0.17125,1.37
004746,,,16.1,5,KIT DE HERRAMIENTAS MENORES,,,1,7.00035009227642E-02,,,Horas,0.2625,2.1
004544,,,16.1,5,CARETA FACIAL-ESTANDAR,,,1,7.00035009227642E-02,,,Horas,0.125,1
004552,,,16.1,5,COMPRESOR DE AIRE- ELECTRICO,,,1,7.00035009227642E-02,,,Horas,0.75,6
013405,,,16.1,5,CORTADORA DE CONCRETO MC 500,,,1,7.00035009227642E-02,,,Horas,2.5,20
004561,,,16.1,5,ESMERIL  4.1/2´´-VARIOS,,,1,7.00035009227642E-02,,,Horas,0.34375,2.75
004562,,,16.1,5,ESMERIL 7´´-VARIOS,,,1,7.00035009227642E-02,,,Horas,0.51125,4.09
16.2,,,16,2,SUMINISTRO Y APLICACIÓN DE SIKAFLEX COMO SELLADO DE JUNTAS FORMADA ENTRE LOSAS DE PISO CON EXPESORES MENORES O IGUALES A 7MM. ,,,,124,82.667,8,ML,,
001845,,,16.2,3,JABON LIQUIDO TIPO ARIEL (LTS ),,,4.03225806451613E-02,4.03225806451613E-02,,,L,0.777,
014153,,,16.2,3,"BACKER ROD PARA JUNTAS 3/8""",,,2.41935483870968,2.41935483870968,,,m,2.7,
013935,,,16.2,3,SIKAFLEX 1-A SELLADOR Y ADHESIVO ELASTOMERICO CARTUCHO ,,,0.201612903225806,0.201612903225806,,,Pza,16.8139,
002342,,,16.2,4,OBRERO DE PRIMERA,,,2,0.19354760709158,,,Horas,1.19125,9.53
000125,,,16.2,4,ALBAÑIL DE 1a,,,2,0.19354760709158,,,Horas,1.56875,12.55
003014,,,16.2,4,SUPERVISOR DE SEGURIDAD,,,0.25,2.41934508864475E-02,,,Horas,2.49625,19.97
000767,,,16.2,4,CAPATAZ,,,0.25,2.41934508864475E-02,,,Horas,2.2075,17.66
004746,,,16.2,5,KIT DE HERRAMIENTAS MENORES,,,1,9.67738035457899E-02,,,Horas,0.2625,2.1
013819,,,16.2,5,PISTOLA DE CALEFATEO,,,2,0.19354760709158,,,Horas,0.0625,0.5
16.3,,,16,2,SUMINISTRO Y APLICACIÓN DE ASFALTO SOLIDO OXIDADO TIPO III COMO SELLADO DE JUNTAS FORMADA ENTRE LOSAS DE PISO Y PAREDE DE SILO CON EXPESORES MAYORES A 7MM. ,,,,276,55.2,8,ML,,
001302,,,16.3,3,DISCO DE CORTE DIAMANTADO SEGMENTADO CONCRETO DIAMETRO ,,,3.6231884057971E-03,3.6231884057971E-03,,,Pza,5.9833,
015884,,,16.3,3,TAMBOR METALICO CAPACIDAD 208 LITROS,,,3.6231884057971E-03,3.6231884057971E-03,,,Unidades,40,
004037,,,16.3,3,ASFALTO SOLIDO CILINDRO 45KG,,,7.2463768115942E-03,7.2463768115942E-03,,,Pza,125,
000544,,,16.3,3,"BROCHA 2"" MATERIAL MANGO PLASTICO CERDA NATURAL",,,7.2463768115942E-03,7.2463768115942E-03,,,Pza,0.8003,
002342,,,16.3,4,OBRERO DE PRIMERA,,,3,0.434782602686362,,,Horas,1.19125,9.53
000125,,,16.3,4,ALBAÑIL DE 1a,,,2,0.289855068457575,,,Horas,1.56875,12.55
003014,,,16.3,4,SUPERVISOR DE SEGURIDAD,,,0.25,3.62318835571969E-02,,,Horas,2.49625,19.97
000767,,,16.3,4,CAPATAZ,,,0.25,3.62318835571969E-02,,,Horas,2.2075,17.66
004570,,,16.3,5,EXTENSION ELECTRICA-ESTANDAR,,,2,0.289855068457575,,,Horas,0.17125,1.37
004746,,,16.3,5,KIT DE HERRAMIENTAS MENORES,,,1,0.144927534228787,,,Horas,0.2625,2.1
004561,,,16.3,5,ESMERIL  4.1/2´´-VARIOS,,,1,0.144927534228787,,,Horas,0.34375,2.75
16.4,,,16,2,"ACONDICIONAMIENTO DE LA SUPERFICIE A PINTAR (EN FACHADAS EXTERNA SILOS, H=0.5M). INCLUYE LA REMOCION DEL FRISO BASE, EL PICOTEO (REPICADO) DE LA PARED Y ENCAMISADO CON MORTERO IMPERMEABILIZANTE Y DE ALTA RESISTENCIA EN LAS ZONAS DONDE AMERITE.",,,,156.86,13.07,8,M2,,
000821,,,16.4,3,"CEMENTO GRIS (SACO DE 42,5 kg)",,,6.3751115644524E-03,6.3751115644524E-03,,,Saco,20,
000827,,,16.4,3,CEPILLO DE ALAMBRE MANGO DE MADERA,,,6.3751115644524E-03,6.3751115644524E-03,,,Pza,0.8458,
000841,,,16.4,3,CEPILLO PARA BARRER CERDA GRUESA,,,6.3751115644524E-03,6.3751115644524E-03,,,Pza,2.7644,
001302,,,16.4,3,DISCO DE CORTE DIAMANTADO SEGMENTADO CONCRETO DIAMETRO ,,,1.27502231289048E-02,1.27502231289048E-02,,,Pza,5.9833,
014250,,,16.4,3,LAMINA ANIME 2 MTS X 1 MTS X 5 CMS,,,1.27502231289048E-02,1.27502231289048E-02,,,Pza,8.5,
014147,,,16.4,3,ARENA LAVADA EN SACO (15 KGS),,,3.82506693867143E-02,3.82506693867143E-02,,,Saco,1.3504,
013403,,,16.4,3,SACO DE POLIPROPILENO 50 KGS,,,6.37511156445238E-02,6.37511156445238E-02,,,Pza,0.2895,
003548,,,16.4,3,TRASLADO EN CAMION 750 RUTA URBANA,,,6.3751115644524E-03,6.3751115644524E-03,,,Viaje,350,
020846,,,16.4,3,SONOGROUT GRUESO EXTENDIDO TECNOCONCRET SACO 25 KG,,,0.357006247609333,0.357006247609333,,,SACO,60,
002342,,,16.4,4,OBRERO DE PRIMERA,,,3,1.83626630148309,,,Horas,1.19125,9.53
000125,,,16.4,4,ALBAÑIL DE 1a,,,2,1.22417753432206,,,Horas,1.56875,12.55
003014,,,16.4,4,SUPERVISOR DE SEGURIDAD,,,0.25,0.153022191790258,,,Horas,2.49625,19.97
000767,,,16.4,4,CAPATAZ,,,0.25,0.153022191790258,,,Horas,2.2075,17.66
004570,,,16.4,5,EXTENSION ELECTRICA-ESTANDAR,,,2,1.22417753432206,,,Horas,0.17125,1.37
013822,,,16.4,5,HIDROJET DE ALTA PRESION 1800W 110V,,,1,0.61208876716103,,,Horas,0.25,2
012023,,,16.4,5,JUEGO DE CINCEL 7 PZAS,,,1,0.61208876716103,,,Horas,0.125,1
004746,,,16.4,5,KIT DE HERRAMIENTAS MENORES,,,1,0.61208876716103,,,Horas,0.2625,2.1
004731,,,16.4,5,MANDARRIA 2KG,,,2,1.22417753432206,,,Horas,0.03125,0.25
014767,,,16.4,5,MEZCLADOR ELECTRICO PORTATIL DE BAJA REVOLUCION,,,1,0.61208876716103,,,Horas,0.625,5
004741,,,16.4,5,PALA RECTANGULAR ALBAÑILERIA,,,3,1.83626630148309,,,Horas,0.11625,0.93
004738,,,16.4,5,PIQUETA ALBAÑILERIA,,,2,1.22417753432206,,,Horas,0.09875,0.79
004736,,,16.4,5,CARRETILLA DE ALBAÑILERIA,,,1,0.61208876716103,,,Horas,0.15625,1.25
008138,,,16.4,5,TOBO DE ALBAÑILERIA,,,2,1.22417753432206,,,Horas,0.01875,0.15
004561,,,16.4,5,ESMERIL  4.1/2´´-VARIOS,,,1,0.61208876716103,,,Horas,0.34375,2.75
16.5,,,16,2,"APLICACIÓN DE MORTERO IMPERMEABILIZANTE MONOCOMPONENTE (AQUAPEL 2 RP), H=0.50M MEDIDOS DESDE LA BASE DE LOS SILOS EN LA PARTE INTERNA DE LA FOSA.",,,,156.86,26.14,8,M2,,
016070,,,16.5,3,ADITIVO IMPERMEABILIZANTE HIDROFUGO AQUAPEL TECNOCONCRE,,,7.65013387734285E-02,7.65013387734285E-02,,,SACO,65,
000544,,,16.5,3,"BROCHA 2"" MATERIAL MANGO PLASTICO CERDA NATURAL",,,1.27502231289048E-02,1.27502231289048E-02,,,Pza,0.8003,
000546,,,16.5,3,"BROCHA 4"" MATERIAL MANGO PLASTICO CERDA NATURAL",,,1.91253346933571E-02,1.91253346933571E-02,,,Pza,1.9799,
002342,,,16.5,4,OBRERO DE PRIMERA,,,2,0.61208876716103,,,Horas,1.19125,9.53
000125,,,16.5,4,ALBAÑIL DE 1a,,,2,0.61208876716103,,,Horas,1.56875,12.55
003014,,,16.5,4,SUPERVISOR DE SEGURIDAD,,,0.25,7.65110958951288E-02,,,Horas,2.49625,19.97
000767,,,16.5,4,CAPATAZ,,,0.25,7.65110958951288E-02,,,Horas,2.2075,17.66
004570,,,16.5,5,EXTENSION ELECTRICA-ESTANDAR,,,2,0.61208876716103,,,Horas,0.17125,1.37
004746,,,16.5,5,KIT DE HERRAMIENTAS MENORES,,,1,0.306044383580515,,,Horas,0.2625,2.1
014767,,,16.5,5,MEZCLADOR ELECTRICO PORTATIL DE BAJA REVOLUCION,,,1,0.306044383580515,,,Horas,0.625,5
19,,,,1,"SUMINISTRO, TRANSPORTE Y COLOCACIÓN DE 650 M2 DE PINTURA IMPERMEABILIZANTE ELASTOMÉRICA EN MUROS DE TÚNEL Y FOSA DE ELEVADORES DE DESCARGA NRO 1-2-3-4. INCLUYE ACHIQUE E INTERVENCION DE TUNELES ENTRE SILOS HACIA ELEVADOR 4",,,,,,,,,
19.1,,,19,2,"PREPARACION DE FACILIDADES TEMPORALES PARA LA EJECUCION DE LA OBRA, INCLUYE: INSTALACION DE LUMINIARIAS PROVISIONALES",,,,162,54,8,ML,,
008202,,,19.1,3,SOCATE GOMA SENCILLO ROSCA E27,,,0.259259259259259,0.259259259259259,,,Unidades,1,
003142,,,19.1,3,TEIPE ELECTRICO 3M SCOTCH 33+AISLAMIENTO PRIMARIO EN BA,,,1.85185185185185E-02,1.85185185185185E-02,,,Rollo,8.316,
003213,,,19.1,3,TIRRAP DE 8 PLG UNIDAD,,,1.23456790123457,1.23456790123457,,,Pza,0.0215,
000411,,,19.1,3,BOMBILLO AHORRADOR 12WATTS,,,0.259259259259259,0.259259259259259,,,Pza,3.58,
000510,,,19.1,3,BREAKER THQC 1X15 AMP 120/240V,,,6.1728395061728E-03,6.1728395061728E-03,,,Pza,16.5,
000619,,,19.1,3,CABLE 600 VOLTS THW 12 (MTS) COLOR NEGRO,,,2.46913580246914,2.46913580246914,,,m,1.0489,
001336,,,19.1,4,ELECTRICISTA DE 1a,,,2,0.296296296296296,,,Horas,1.6425,13.14
000307,,,19.1,4,AYUDANTE,,,1,0.148148148148148,,,Horas,1.19125,9.53
003014,,,19.1,4,SUPERVISOR DE SEGURIDAD,,,0.25,0.037037037037037,,,Horas,2.49625,19.97
000767,,,19.1,4,CAPATAZ,,,0.25,0.037037037037037,,,Horas,2.2075,17.66
004570,,,19.1,5,EXTENSION ELECTRICA-ESTANDAR,,,2,0.296296296296296,,,Horas,0.17125,1.37
014232,,,19.1,5,"EXTRACTOR DE ORUGA PORTATIL ALTA VELOC 12"" 520W 110V 33",,,1,0.148148148148148,,,Horas,0.625,5
004632,,,19.1,5,PINZA AMPERIMETRICA-UT200,,,1,0.148148148148148,,,Horas,0.625,5
007953,,,19.1,5,ALICATE ELECTRICISTA,,,1,0.148148148148148,,,Horas,0.025,0.2
19.2,,,19,2,"LIMPIEZA, RECOLECCION Y CARGA A MANO DE MATERIAL DESECHABLE EN FOSAS Y RED DE TUNELES ENTRE SILOS Y ELEVADOR 4.",,,,1,0.2,8,UNIDAD,,
000841,,,19.2,3,CEPILLO PARA BARRER CERDA GRUESA,,,6,6,,,Pza,2.7644,
014435,,,19.2,3,MECATE DE 5/8 MATERIAL POLIPROPILENO (PRESENTACION EN M,,,10,10,,,m,0.85,
002702,,,19.2,3,RASTRILLO CON CABEZA DE PLASTICO CABO DE MADERA USO GEN,,,2,2,,,Pza,3.3799,
013403,,,19.2,3,SACO DE POLIPROPILENO 50 KGS,,,50,50,,,Pza,0.2895,
000443,,,19.2,3,BOTA DE GOMA P/LLUVIA TALLA 42,,,8,8,,,Par,18.275,
002342,,,19.2,4,OBRERO DE PRIMERA,,,6,239.999996423721,,,Horas,1.19125,9.53
003014,,,19.2,4,SUPERVISOR DE SEGURIDAD,,,0.25,9.99999985098839,,,Horas,2.49625,19.97
000767,,,19.2,4,CAPATAZ,,,0.25,9.99999985098839,,,Horas,2.2075,17.66
004746,,,19.2,5,KIT DE HERRAMIENTAS MENORES,,,1,39.9999994039536,,,Horas,0.2625,2.1
004741,,,19.2,5,PALA RECTANGULAR ALBAÑILERIA,,,3,119.999998211861,,,Horas,0.11625,0.93
008138,,,19.2,5,TOBO DE ALBAÑILERIA,,,2,79.9999988079071,,,Horas,0.01875,0.15
19.3,,,19,2,"LIMPIEZA CON HIDROJET DE PISOS, PAREDES, ESCALERAS Y BARANDAS UBICADAS EN FOSA Y RED DE TUNELES ENTRE SILOS Y ELEVADOR 4. INCLUYE: ACHIQUE DEL AGUA ESTANCADA EN LOS TUNELES.",,,,1,0.1,8,UNIDAD,,
000827,,,19.3,3,CEPILLO DE ALAMBRE MANGO DE MADERA,,,10,10,,,Pza,0.8458,
001069,,,19.3,3,COLETO PARA PISO,,,4,4,,,Pza,3,
001276,,,19.3,3,DESENGRASANTE (LTS),,,20,20,,,L,1,
001795,,,19.3,3,HARAGAN IND. 24 PLG,,,4,4,,,Pza,23.7177,
002077,,,19.3,3,LIMPIADOR LIMPOTEX (LTS),,,90,90,,,L,2.582,
002139,,,19.3,3,MANGUERA CORRUGADA FLEXIBLE DIAM 2 PLG MATERIAL PVC COL,,,12,12,,,m,14.7243,
003050,,,19.3,3,TANQUE PARA AGUA EN POLIETILENO VERTICAL DE 500 LTS,,,4,4,,,Unidades,121.12,
003213,,,19.3,3,TIRRAP DE 8 PLG UNIDAD,,,100,100,,,Pza,0.0215,
002142,,,19.3,3,MANGUERA CULEBRA 3/4 PGL C/CONEXION JARDINERIA,,,200,200,,,m,0.5,
002342,,,19.3,4,OBRERO DE PRIMERA,,,6,479.999992847443,,,Horas,1.19125,9.53
003014,,,19.3,4,SUPERVISOR DE SEGURIDAD,,,0.25,19.9999997019768,,,Horas,2.49625,19.97
000767,,,19.3,4,CAPATAZ,,,0.25,19.9999997019768,,,Horas,2.2075,17.66
011960,,,19.3,5,EXTENSION ELECTRICA 220V,,,2,159.999997615814,,,Horas,0.29375,2.35
004570,,,19.3,5,EXTENSION ELECTRICA-ESTANDAR,,,6,479.999992847443,,,Horas,0.17125,1.37
013822,,,19.3,5,HIDROJET DE ALTA PRESION 1800W 110V,,,2,159.999997615814,,,Horas,0.25,2
008032,,,19.3,5,BOMBA DE ACHIQUE,,,1,79.9999988079071,,,Horas,0.75,6
004527,,,19.3,5,ALICATE DE PRESION,,,1,79.9999988079071,,,Horas,0.02375,0.19
19.4,,,19,2,"DESMOVILIZACION Y ENTREGA. INCLUYE: DESMONTAJE DE ILUMINACION PROVISIONAL, DISPOSICION FINAL DE RESIDUOS.",,,,1,1,8,UNIDAD,,
002920,,,19.4,3,SERVICIO DE VOLTEO 9M3,,,1,1,,,Viaje,150,
002342,,,19.4,4,OBRERO DE PRIMERA,,,2,16,,,Horas,1.19125,9.53
001336,,,19.4,4,ELECTRICISTA DE 1a,,,2,16,,,Horas,1.6425,13.14
000307,,,19.4,4,AYUDANTE,,,1,8,,,Horas,1.19125,9.53
003014,,,19.4,4,SUPERVISOR DE SEGURIDAD,,,0.25,2,,,Horas,2.49625,19.97
000767,,,19.4,4,CAPATAZ,,,0.25,2,,,Horas,2.2075,17.66
004632,,,19.4,5,PINZA AMPERIMETRICA-UT200,,,1,8,,,Horas,0.625,5
007953,,,19.4,5,ALICATE ELECTRICISTA,,,1,8,,,Horas,0.025,0.2
20,,,,1,"SUMINISTRO, TRANSPORTE Y COLOCACIÓN DE ESCOTILLA DE ABERTURA CON DOBLE SISTEMA DE BISAGRA Y TAPA DE REGISTRO CORREDIZA PARA ACCESO E INSPECCIÓN DE MATERIA PRIMA DENTRO DE SILOS DE ALMACENAMIENTO. INCLUYE REPARACIÓN DE MUROS (CARA EXTERNA EN ÁREA DE INSTAL",,,,,,,,,
20.1,,,20,2,"DESMONTAJE SIN RECUPERACIÓN DE ESCOTILLA EXISTENTE
PESO ESTIMADO: 350KG / ESCOTILLA",,,,7,2,8,PZA,,
011550,,,20.1,3,CILINDRO DE OXIGENO OXIROGA (CIL),,,0.142857142857143,0.142857142857143,,,CIL,37.2873,
001298,,,20.1,3,DISCO DE CORTE 7 PLG EXTRAFINO  ACERO,,,0.285714285714286,0.285714285714286,,,Pza,1.6496,
001299,,,20.1,3,"DISCO DE CORTE D EXT 4 1/2"" ESP 1/8""",,,0.285714285714286,0.285714285714286,,,Pza,1.1513,
001714,,,20.1,3,GAS PROPANO (RECARGA),,,2.57142857142857,2.57142857142857,,,kg,0.3496,
001532,,,20.1,4,FABRICADOR 1RA,,,1,4,,,Horas,1.6425,13.14
000307,,,20.1,4,AYUDANTE,,,2,8,,,Horas,1.19125,9.53
003014,,,20.1,4,SUPERVISOR DE SEGURIDAD,,,0.25,1,,,Horas,2.49625,19.97
000767,,,20.1,4,CAPATAZ,,,0.5,2,,,Horas,2.2075,17.66
002998,,,20.1,4,SOLDADOR DE 1ERA,,,1,4,,,Horas,1.56875,12.55
004570,,,20.1,5,EXTENSION ELECTRICA-ESTANDAR,,,4,16,,,Horas,0.17125,1.37
004731,,,20.1,5,MANDARRIA 2KG,,,1,4,,,Horas,0.03125,0.25
004674,,,20.1,5,TALADRO ROTO MARTILLO-TE-76ATC,,,1,4,,,Horas,3.90625,31.25
004557,,,20.1,5,EQUIPO DE OXICORTE-HARRIS / VICTOR,,,1,4,,,Horas,0.995,7.96
004561,,,20.1,5,ESMERIL  4.1/2´´-VARIOS,,,1,4,,,Horas,0.34375,2.75
004562,,,20.1,5,ESMERIL 7´´-VARIOS,,,1,4,,,Horas,0.51125,4.09
20.2,,,20,2,ESCARIFIACIÓN LIVIANA DE ELEMENTOS DE CONCRETO ARMADO,,,,2,0.57,8,M2,,
001303,,,20.2,3,DISCO DE CORTE DIAMANTADO SEGMENTADO DIAMETRO 7PLG ESP ,,,3,3,,,Pza,5.6,
002342,,,20.2,4,OBRERO DE PRIMERA,,,2,28.0701757908308,,,Horas,1.19125,9.53
000307,,,20.2,4,AYUDANTE,,,2,28.0701757908308,,,Horas,1.19125,9.53
003014,,,20.2,4,SUPERVISOR DE SEGURIDAD,,,0.25,3.50877197385385,,,Horas,2.49625,19.97
000767,,,20.2,4,CAPATAZ,,,0.5,7.01754394770769,,,Horas,2.2075,17.66
004570,,,20.2,5,EXTENSION ELECTRICA-ESTANDAR,,,3,42.1052636862462,,,Horas,0.17125,1.37
012023,,,20.2,5,JUEGO DE CINCEL 7 PZAS,,,1,14.0350878954154,,,Horas,0.125,1
004731,,,20.2,5,MANDARRIA 2KG,,,1,14.0350878954154,,,Horas,0.03125,0.25
004610,,,20.2,5,MARTILLO DEMOLEDOR ELECTRICO,,,1,14.0350878954154,,,Horas,4.25,34
004562,,,20.2,5,ESMERIL 7´´-VARIOS,,,1,14.0350878954154,,,Horas,0.51125,4.09
20.3,,,20,2,"SUMINSITRO, TRANSPORTE Y FABRICACIÓN DE ESCOTILLA SEGÚN PLANO

PESO ESTIMADO: 350KG / ESCOTILLA",,,,7,0.5,8,PZA,,
011550,,,20.3,3,CILINDRO DE OXIGENO OXIROGA (CIL),,,0.142857142857143,0.142857142857143,,,CIL,37.2873,
001298,,,20.3,3,DISCO DE CORTE 7 PLG EXTRAFINO  ACERO,,,1,1,,,Pza,1.6496,
001299,,,20.3,3,"DISCO DE CORTE D EXT 4 1/2"" ESP 1/8""",,,0.285714285714286,0.285714285714286,,,Pza,1.1513,
000146,,,20.3,3,ANGULO AC SECCION L  ALTURA 100 MM ESP 8 MM LONG 12 M M,,,0.5,0.5,,,Pza,284.88,
000155,,,20.3,3,ANGULO AC SECCION L  ALTURA 75 MM ESP 6 MM LONG 6 M MAT,,,0.571428571428571,0.571428571428571,,,Pza,51.92,
001358,,,20.3,3,ELECTRODO E 7018 ARCO ELEC PARA AC DIAM 1/8 X L 350 MM ,,,2.85714285714286,2.85714285714286,,,kg,4.0267,
001714,,,20.3,3,GAS PROPANO (RECARGA),,,2.57142857142857,2.57142857142857,,,kg,0.3496,
001935,,,20.3,3,"LAMINA AC RECTANGULAR  ANCHO 1,2 M ESP 3/8""PLG LON 2,4 ",,,0.714285714285714,0.714285714285714,,,Pza,310.6304,
003221,,,20.3,3,TIZA PARA HERRERIA,,,1,1,,,Pza,0.1574,
015515,,,20.3,3,"BISAGRA 4"" EN ACERO AL CARBONO SOLDABLE",,,4,4,,,Pza,2.94,
001532,,,20.3,4,FABRICADOR 1RA,,,1,16,,,Horas,1.6425,13.14
000307,,,20.3,4,AYUDANTE,,,2,32,,,Horas,1.19125,9.53
003014,,,20.3,4,SUPERVISOR DE SEGURIDAD,,,0.25,4,,,Horas,2.49625,19.97
000767,,,20.3,4,CAPATAZ,,,0.5,8,,,Horas,2.2075,17.66
002343,,,20.3,4,OPERADOR ,,,0.15,2.40000009536743,,,Horas,1.6425,13.14
002998,,,20.3,4,SOLDADOR DE 1ERA,,,1,16,,,Horas,1.56875,12.55
011960,,,20.3,5,EXTENSION ELECTRICA 220V,,,2,32,,,Horas,0.29375,2.35
011960,,,20.3,5,EXTENSION ELECTRICA 220V,,,4,64,,,Horas,0.29375,2.35
MCO-ESAB,,,20.3,5,MESA DE CORTE OXICORTE ESAB,,,0.1,1.6,,,Horas,5.625,45
008053,,,20.3,5,NIVEL DE GOTA 40CM,,,1,16,,,Horas,0.0125,0.1
004544,,,20.3,5,CARETA FACIAL-ESTANDAR,,,2,32,,,Horas,0.125,1
004602,,,20.3,5,SOLDADORA ELECTRICA-CD/DC 250,,,1,16,,,Horas,5.125,41
004680,,,20.3,5,TRONZADORA -TRONZADORA 14'',,,1,16,,,Horas,0.5,4
CH-JMT,,,20.3,5,CIZALLA HIDRÁULICA JMT,,,0.1,1.6,,,Horas,3.90625,31.25
007991,,,20.3,5,ESCUADRA DE 12 PULG,,,1,16,,,Horas,0.03125,0.25
004745,,,20.3,5,ESCUADRA DE 24 PULG,,,1,16,,,Horas,0.02,0.16
004561,,,20.3,5,ESMERIL  4.1/2´´-VARIOS,,,1,16,,,Horas,0.34375,2.75
004562,,,20.3,5,ESMERIL 7´´-VARIOS,,,1,16,,,Horas,0.51125,4.09
20.4,,,20,2,"SUMINISTRO, TRANSPORTE Y APLICACIÓN DE FONDO ANTICORROSIVO Y PINTURA EN ESCOTILLA",,,,7,2.8,8,PZA,,
001681,,,20.4,3,FONDO ANTICORROSIVO GRIS,,,0.142857142857143,0.142857142857143,,,galon,39.9432,
014361,,,20.4,3,PINTURA MONTANA EPOMON INDUSTRIAL POLIMIDA COLOR BLANCO,,,0.285714285714286,0.285714285714286,,,galon,92.24,
003197,,,20.4,3,THINNER ACRILICO,,,0.142857142857143,0.142857142857143,,,galon,11.9233,
000545,,,20.4,3,"BROCHA 3"" MATERIAL MANGO PLASTICO CERDA NATURAL",,,0.285714285714286,0.285714285714286,,,Pza,1.317,
000307,,,20.4,4,AYUDANTE,,,1,2.85714290579971,,,Horas,1.19125,9.53
002479,,,20.4,4,PINTOR DE 1a,,,1,2.85714290579971,,,Horas,1.56875,12.55
003014,,,20.4,4,SUPERVISOR DE SEGURIDAD,,,0.25,0.714285726449928,,,Horas,2.49625,19.97
000767,,,20.4,4,CAPATAZ,,,0.5,1.42857145289986,,,Horas,2.2075,17.66
004570,,,20.4,5,EXTENSION ELECTRICA-ESTANDAR,,,4,11.4285716231988,,,Horas,0.17125,1.37
004535,,,20.4,5,ARNES DE SEGURIDAD CON ESLINGA-CORPORAL,,,2,5.71428581159942,,,Horas,0.5,4
004552,,,20.4,5,COMPRESOR DE AIRE- ELECTRICO,,,1,2.85714290579971,,,Horas,0.75,6
004558,,,20.4,5,EQUIPO DE PINTURA ESTÁNDAR BAJA-PISTOLA DE CARGA POR SU,,,1,2.85714290579971,,,Horas,2,16
20.5,,,20,2,"INSTALACIÓN DE ESCOTILLA

PESO ESTIMADO: 350KG / ESCOTILLA",,,,7,0.875,8,PZA,,
008471,,,20.5,3,ANCLAJE HILTI QUIMICO EPOXICO HIT-RE 500 V3 500 ML,,,0.428571428571429,0.428571428571429,,,Pza,100,
001312,,,20.5,3,"DISCO DE DESBASTE DIAMETRO 4 1/2"" EJE 1/4"" ESP 7/8""",,,0.571428571428571,0.571428571428571,,,Pza,3.4189,
001358,,,20.5,3,ELECTRODO E 7018 ARCO ELEC PARA AC DIAM 1/8 X L 350 MM ,,,2.14285714285714,2.14285714285714,,,kg,4.0267,
013812,,,20.5,3,"MECHA PARA CONCRETO TE-YX DE 3/4"" HILTI
",,,0.142857142857143,0.142857142857143,,,Pza,34.1,
000575,,,20.5,3,CABILLA ESTRIADA AC REDONDA DIAMETRO 3/4 PLG LONG 6 M A,,,0.571428571428571,0.571428571428571,,,Pza,16.5,
001532,,,20.5,4,FABRICADOR 1RA,,,1,9.14285714285714,,,Horas,1.6425,13.14
000307,,,20.5,4,AYUDANTE,,,2,18.2857142857143,,,Horas,1.19125,9.53
003014,,,20.5,4,SUPERVISOR DE SEGURIDAD,,,0.25,2.28571428571429,,,Horas,2.49625,19.97
000767,,,20.5,4,CAPATAZ,,,0.5,4.57142857142857,,,Horas,2.2075,17.66
002998,,,20.5,4,SOLDADOR DE 1ERA,,,1,9.14285714285714,,,Horas,1.56875,12.55
011960,,,20.5,5,EXTENSION ELECTRICA 220V,,,2,18.2857142857143,,,Horas,0.29375,2.35
004731,,,20.5,5,MANDARRIA 2KG,,,1,9.14285714285714,,,Horas,0.03125,0.25
008053,,,20.5,5,NIVEL DE GOTA 40CM,,,1,9.14285714285714,,,Horas,0.0125,0.1
004544,,,20.5,5,CARETA FACIAL-ESTANDAR,,,1,9.14285714285714,,,Horas,0.125,1
008135,,,20.5,5,SEÑORITA DE CADENA 1 1/2 TON,,,1,9.14285714285714,,,Horas,0.3125,2.5
004658,,,20.5,5,SOLDADORA ELECTRICA-450 DC,,,1,9.14285714285714,,,Horas,5.125,41
004674,,,20.5,5,TALADRO ROTO MARTILLO-TE-76ATC,,,1,9.14285714285714,,,Horas,3.90625,31.25
007991,,,20.5,5,ESCUADRA DE 12 PULG,,,1,9.14285714285714,,,Horas,0.03125,0.25
004745,,,20.5,5,ESCUADRA DE 24 PULG,,,1,9.14285714285714,,,Horas,0.02,0.16
004561,,,20.5,5,ESMERIL  4.1/2´´-VARIOS,,,1,9.14285714285714,,,Horas,0.34375,2.75
20.6,,,20,2,"SUMINISTRO, TRANSPORTE Y APLICACIÓN DE PUENTE ADHERENTE PARA UNIR CONCRETO FRESCO CON CONCRETO ENDURECIDO",,,,2,4,8,M2,,
002969,,,20.6,3,SIKA DUR-32 PRIMER L A&B,,,0.5,0.5,,,galon,86.3164,
000544,,,20.6,3,"BROCHA 2"" MATERIAL MANGO PLASTICO CERDA NATURAL",,,1,1,,,Pza,0.8003,
002342,,,20.6,4,OBRERO DE PRIMERA,,,2,4,,,Horas,1.19125,9.53
003014,,,20.6,4,SUPERVISOR DE SEGURIDAD,,,0.25,0.5,,,Horas,2.49625,19.97
000767,,,20.6,4,CAPATAZ,,,0.5,1,,,Horas,2.2075,17.66
20.7,,,20,2,"SUMINISTRO, TRANSPORTE Y APLICACIÓN DE MORTERO MONOCOMPONENTE PARA REPARACIONES Y PARCHEOS VERTICALES TIPO SONOGROUT PATCH 100 O SIMILAR",,,,21,7,8,SACO,,
020846,,,20.7,3,SONOGROUT GRUESO EXTENDIDO TECNOCONCRET SACO 25 KG,,,1,1,,,SACO,60,
002342,,,20.7,4,OBRERO DE PRIMERA,,,4,4.57142857142857,,,Horas,1.19125,9.53
003014,,,20.7,4,SUPERVISOR DE SEGURIDAD,,,0.25,0.285714285714286,,,Horas,2.49625,19.97
000767,,,20.7,4,CAPATAZ,,,0.5,0.571428571428571,,,Horas,2.2075,17.66
004570,,,20.7,5,EXTENSION ELECTRICA-ESTANDAR,,,4,4.57142857142857,,,Horas,0.17125,1.37
004729,,,20.7,5,FORMALETAS PARA ANDAMIO,,,8,9.14285714285714,,,Horas,0.0625,0.5
004746,,,20.7,5,KIT DE HERRAMIENTAS MENORES,,,2,2.28571428571429,,,Horas,0.2625,2.1
014767,,,20.7,5,MEZCLADOR ELECTRICO PORTATIL DE BAJA REVOLUCION,,,2,2.28571428571429,,,Horas,0.625,5
008138,,,20.7,5,TOBO DE ALBAÑILERIA,,,4,4.57142857142857,,,Horas,0.01875,0.15
004757,,,20.7,5,CUERPO DE ANDAMIO,,,4,4.57142857142857,,,Horas,0.1875,1.5
21,,,,1,"SUMINISTRO, TRANSPORTE Y COLOCACIÓN DE 57 M DE LAMINA MICROPERFORADA DIAMETRO AGUJERO 3MM, ESPESOR CAL. 13, MATERIAL ACERO AL CARBONO GALVANIZADO, A=70M PARA DUCTOS DE VENTILACIÓN DE SILOS DE ALMACENAMIENTO. INCLUYE REFUERZO DE MARCOS Y COLOCACIÓN DE FOND",,,,,,,,,
21.1,,,21,2,"LIMPIEZA GENERAL DE SUPERFICIE DE ZANJAS DE VENTILACIÓN CON USO DE EQUIPO HIDROJET. INCLUYE REMOCIÓN Y ACARREO DE SEDIMENTOS HACIA LA PARTE EXTERIOR

SILOS 1, 2, 3, 4, 5, 6",,,,486,97.2,8,M2,,
000841,,,21.1,3,CEPILLO PARA BARRER CERDA GRUESA,,,4.3290043290043E-03,4.3290043290043E-03,,,Pza,2.7644,
000842,,,21.1,3,CEPILLO PARA BARRER CERDA SUAVE,,,4.3290043290043E-03,4.3290043290043E-03,,,Pza,2.4434,
001276,,,21.1,3,DESENGRASANTE (LTS),,,8.65800865800866E-02,8.65800865800866E-02,,,L,0.525,
001721,,,21.1,3,GASOLINA (LTS),,,4.32900432900433E-02,4.32900432900433E-02,,,L,0.5,
001774,,,21.1,3,GUANTES DE NEOPRENO (PAR),,,1.64609053497942E-02,1.64609053497942E-02,,,Par,6.8192,
002077,,,21.1,3,LIMPIADOR LIMPOTEX (LTS),,,4.32900432900433E-02,4.32900432900433E-02,,,L,2.582,
003546,,,21.1,3,TRAPOS DE LIMPIEZA ( SACO),,,2.1645021645022E-03,2.1645021645022E-03,,,Saco,35,
000438,,,21.1,3,BOTA DE GOMA LARGA CON HIERRO TALLA 42 (PAR),,,8.2304526748971E-03,8.2304526748971E-03,,,Par,18.3914,
000485,,,21.1,3,BRAGA DESECHABLES COLOR BLANCO TALLA UNICA,,,8.2304526748971E-03,8.2304526748971E-03,,,Pza,49.5,
002342,,,21.1,4,OBRERO DE PRIMERA,,,8,0.658436234664485,,,Horas,1.19125,9.53
003014,,,21.1,4,SUPERVISOR DE SEGURIDAD,,,0.25,2.05761323332651E-02,,,Horas,2.49625,19.97
000767,,,21.1,4,CAPATAZ,,,1,8.23045293330606E-02,,,Horas,2.2075,17.66
004570,,,21.1,5,EXTENSION ELECTRICA-ESTANDAR,,,2,0.164609058666121,,,Horas,0.17125,1.37
004729,,,21.1,5,FORMALETAS PARA ANDAMIO,,,4,0.329218117332242,,,Horas,0.0625,0.5
013822,,,21.1,5,HIDROJET DE ALTA PRESION 1800W 110V,,,1,8.23045293330606E-02,,,Horas,0.25,2
008032,,,21.1,5,BOMBA DE ACHIQUE,,,1,8.23045293330606E-02,,,Horas,0.75,6
008260,,,21.1,5,MANGUERA TIPO CULEBRA 1/2,,,100,8.23045293330606,,,Horas,0.0625,0.5
004741,,,21.1,5,PALA RECTANGULAR ALBAÑILERIA,,,1,8.23045293330606E-02,,,Horas,0.11625,0.93
008138,,,21.1,5,TOBO DE ALBAÑILERIA,,,2,0.164609058666121,,,Horas,0.01875,0.15
004757,,,21.1,5,CUERPO DE ANDAMIO,,,2,0.164609058666121,,,Horas,0.1875,1.5
21.2,,,21,2,"SUMINISTRO, CORTE Y PREPARACIÓN DE LÁMINAS MICROPERFORADAS DE 1.90mm ESP. Y ORIFICIOS DE 2.8mm PARA DUCTOS DE VENTILACIÓN.
32 M2 DE REJILLAS POR SILO

SILOS 1, 2, 3, 4, 5, 6",,,,192,40,8,M2,,
003547,,,21.2,3,TRASLADO EN CAMION 350 RUTA URBANA,,,5.2083333333333E-03,5.2083333333333E-03,,,Viaje,250,
020748,,,21.2,3,LÁMINA MICROPERFORADA DE 1.20M X 2.40M X 1.90MM,,,0.34375,0.34375,,,PZA,330,
000307,,,21.2,4,AYUDANTE,,,1,0.2,,,Horas,1.19125,9.53
003014,,,21.2,4,SUPERVISOR DE SEGURIDAD,,,0.25,0.05,,,Horas,2.49625,19.97
000767,,,21.2,4,CAPATAZ,,,0.5,0.1,,,Horas,2.2075,17.66
002343,,,21.2,4,OPERADOR ,,,1,0.2,,,Horas,1.6425,13.14
CH-JMT,,,21.2,5,CIZALLA HIDRÁULICA JMT,,,1,0.2,,,Horas,3.90625,31.25
21.3,,,21,2,"DESMONTAJE, MANTENIMIENTO Y MONTAJE DE ESTRUCTURA PARA MARCOS.
INCLUYE REFUERZOS SOLDADOS E INSTALACIÓN DE MALLA MICROPERFORADA
950KG DE ESTRUCTURA POR SILO (MARCO + LÁMINAS)

SILOS 1, 2, 3, 4, 5, 6",,,,5700,300,8,KG,,
000827,,,21.3,3,CEPILLO DE ALAMBRE MANGO DE MADERA,,,2.1921812203142E-03,2.1921812203142E-03,,,Pza,0.8458,
000830,,,21.3,3,"CEPILLO DE ALAMBRE TIPO COPA 3"" EJE 5/8""",,,2.1921812203142E-03,2.1921812203142E-03,,,Pza,3.4504,
001299,,,21.3,3,"DISCO DE CORTE D EXT 4 1/2"" ESP 1/8""",,,2.1921812203142E-03,2.1921812203142E-03,,,Pza,1.1513,
001312,,,21.3,3,"DISCO DE DESBASTE DIAMETRO 4 1/2"" EJE 1/4"" ESP 7/8""",,,2.1921812203142E-03,2.1921812203142E-03,,,Pza,3.4189,
000150,,,21.3,3,ANGULO AC SECCION L  ALTURA 40 MM ESP 6 MM LONG 6 M MAT,,,6.5765436609426E-03,6.5765436609426E-03,,,Pza,24.08,
001358,,,21.3,3,ELECTRODO E 7018 ARCO ELEC PARA AC DIAM 1/8 X L 350 MM ,,,3.6536353671904E-03,3.6536353671904E-03,,,kg,4.0267,
002931,,,21.3,3,SERVICIOS DE FLETE,,,1.75438596491228E-04,1.75438596491228E-04,,,Unidades,250,
003221,,,21.3,3,TIZA PARA HERRERIA,,,2.1921812203142E-03,2.1921812203142E-03,,,Pza,0.1574,
014738,,,21.3,3,"TUBERIA PARA VENTILACION 1 1/2"" D ESPESOR 2,5 MM X 6 M ",,,2.1921812203142E-03,2.1921812203142E-03,,,Unidades,30.94,
001532,,,21.3,4,FABRICADOR 1RA,,,1,2.66666666666667E-02,,,Horas,1.6425,13.14
000307,,,21.3,4,AYUDANTE,,,2,5.33333333333333E-02,,,Horas,1.19125,9.53
003014,,,21.3,4,SUPERVISOR DE SEGURIDAD,,,0.25,6.66666666666667E-03,,,Horas,2.49625,19.97
000767,,,21.3,4,CAPATAZ,,,0.5,1.33333333333333E-02,,,Horas,2.2075,17.66
002998,,,21.3,4,SOLDADOR DE 1ERA,,,1,2.66666666666667E-02,,,Horas,1.56875,12.55
011960,,,21.3,5,EXTENSION ELECTRICA 220V,,,2,5.33333333333333E-02,,,Horas,0.29375,2.35
004570,,,21.3,5,EXTENSION ELECTRICA-ESTANDAR,,,2,5.33333333333333E-02,,,Horas,0.17125,1.37
004731,,,21.3,5,MANDARRIA 2KG,,,1,2.66666666666667E-02,,,Horas,0.03125,0.25
008053,,,21.3,5,NIVEL DE GOTA 40CM,,,1,2.66666666666667E-02,,,Horas,0.0125,0.1
004544,,,21.3,5,CARETA FACIAL-ESTANDAR,,,3,0.08,,,Horas,0.125,1
004658,,,21.3,5,SOLDADORA ELECTRICA-450 DC,,,1,2.66666666666667E-02,,,Horas,5.125,41
004745,,,21.3,5,ESCUADRA DE 24 PULG,,,1,2.66666666666667E-02,,,Horas,0.02,0.16
004561,,,21.3,5,ESMERIL  4.1/2´´-VARIOS,,,2,5.33333333333333E-02,,,Horas,0.34375,2.75
21.4,,,21,2,"SUMINISTRO, TRANSPORTE Y APLICACIÓN DE FONDO ANTICORROSIVO Y PINTURA EN MARCOS.
19M2 DE PINTURA POR SILO

SILOS 1, 2, 3, 4, 5, 6",,,,114,100,8,M2,,
001681,,,21.4,3,FONDO ANTICORROSIVO GRIS,,,2.63157894736842E-02,2.63157894736842E-02,,,galon,39.9432,
015895,,,21.4,3,PINTURA ESMALTE COLOR NEGRO,,,5.26315789473684E-02,5.26315789473684E-02,,,galon,60,
003197,,,21.4,3,THINNER ACRILICO,,,2.63157894736842E-02,2.63157894736842E-02,,,galon,11.9233,
000543,,,21.4,3,"BROCHA 1"" MATERIAL MANGO PLASTICO CERDA NATURAL",,,5.26315789473684E-02,5.26315789473684E-02,,,Pza,0.6488,
000307,,,21.4,4,AYUDANTE,,,2,0.16,,,Horas,1.19125,9.53
002479,,,21.4,4,PINTOR DE 1a,,,1,0.08,,,Horas,1.56875,12.55
003014,,,21.4,4,SUPERVISOR DE SEGURIDAD,,,0.25,0.02,,,Horas,2.49625,19.97
000767,,,21.4,4,CAPATAZ,,,0.5,0.04,,,Horas,2.2075,17.66
004570,,,21.4,5,EXTENSION ELECTRICA-ESTANDAR,,,4,0.32,,,Horas,0.17125,1.37
004535,,,21.4,5,ARNES DE SEGURIDAD CON ESLINGA-CORPORAL,,,2,0.16,,,Horas,0.5,4
004552,,,21.4,5,COMPRESOR DE AIRE- ELECTRICO,,,1,0.08,,,Horas,0.75,6
004558,,,21.4,5,EQUIPO DE PINTURA ESTÁNDAR BAJA-PISTOLA DE CARGA POR SU,,,1,0.08,,,Horas,2,16
O2,,,,1,OPCIÓN 2: DESMONTAJE DE LÁMINAS DE PANTALLA PARA TRANSPORTADOR DE DESCARGA,,,,,,,,,
O2.1,,,O2,2,"DESMONTAJE DE LÁMINAS DE PANTALLA PARA TRANSPORTADOR DE DESCARGA. INCLUYE ACARREO HASTA LA PARTE INFERIOR DEL SILO
SE CONSIDERAN EL 100% DE LAS LÁMINAS DE PANTALLA",,,,385,80,8,M2,,
000307,,,O2.1,4,AYUDANTE,,,2,0.2,,,Horas,1.19125,9.53
003014,,,O2.1,4,SUPERVISOR DE SEGURIDAD,,,0.25,0.025,,,Horas,2.49625,19.97
000767,,,O2.1,4,CAPATAZ,,,1,0.1,,,Horas,2.2075,17.66
003099,,,O2.1,4,TECHERO,,,4,0.4,,,Horas,1.56875,12.55
004729,,,O2.1,5,FORMALETAS PARA ANDAMIO,,,4,0.4,,,Horas,0.0625,0.5
1637,,,O2.1,5,TALADRO INALAMBRICO 1/2',,,4,0.4,,,Horas,0.6375,5.1
004535,,,O2.1,5,ARNES DE SEGURIDAD CON ESLINGA-CORPORAL,,,5,0.5,,,Horas,0.5,4
004750,,,O2.1,5,JUEGO DE DADOS HEXAGONALES PULG CUADRANTE 3/4',,,4,0.4,,,Horas,0.2675,2.14
013819,,,O2.1,5,PISTOLA DE CALEFATEO,,,2,0.2,,,Horas,0.0625,0.5
014413,,,O2.1,5,REMACHADORA MANUAL,,,1,0.1,,,Horas,0.0625,0.5
004757,,,O2.1,5,CUERPO DE ANDAMIO,,,2,0.2,,,Horas,0.1875,1.5
004755,,,O2.1,5,ESCALERA TIPO TIJERA,,,2,0.2,,,Horas,0.5,4
O2.2,,,O2,2,"SUMINISTRO, TRANSPORTE Y COLOCACIÓN DE LÁMINAS DE TECHO DE ALUMINIO NORAL DE 1MM PARA TRANSPORTADOR DE DESCARGA. INCLUYE ACARREO DE LÁMINAS.",,,,385,40,8,M2,,
001984,,,O2.2,3,"LAMINA ALUMINIO NORAL ACAN ANCHO T 0,94 UTIL 0,89 M ESP",,,0.597402597402597,0.597402597402597,,,Pza,10,
002774,,,O2.2,3,REMACHE 1/16 X 1/2 PLG,,,1.2987012987013,1.2987012987013,,,Unidades,0.06,
013935,,,O2.2,3,SIKAFLEX 1-A SELLADOR Y ADHESIVO ELASTOMERICO CARTUCHO ,,,6.23376623376623E-02,6.23376623376623E-02,,,Pza,16.8139,
003307,,,O2.2,3,TORNILLO AUTOTALADRANTE 14 X 1 1/2 PLG,,,4.54545454545455,4.54545454545455,,,Pza,0.27,
003548,,,O2.2,3,TRASLADO EN CAMION 750 RUTA URBANA,,,2.5974025974026E-03,2.5974025974026E-03,,,Viaje,350,
000307,,,O2.2,4,AYUDANTE,,,2,0.4,,,Horas,1.19125,9.53
003014,,,O2.2,4,SUPERVISOR DE SEGURIDAD,,,0.25,0.05,,,Horas,2.49625,19.97
000767,,,O2.2,4,CAPATAZ,,,1,0.2,,,Horas,2.2075,17.66
003099,,,O2.2,4,TECHERO,,,4,0.8,,,Horas,1.56875,12.55
004729,,,O2.2,5,FORMALETAS PARA ANDAMIO,,,4,0.8,,,Horas,0.0625,0.5
1637,,,O2.2,5,TALADRO INALAMBRICO 1/2',,,4,0.8,,,Horas,0.6375,5.1
004535,,,O2.2,5,ARNES DE SEGURIDAD CON ESLINGA-CORPORAL,,,5,1,,,Horas,0.5,4
004750,,,O2.2,5,JUEGO DE DADOS HEXAGONALES PULG CUADRANTE 3/4',,,4,0.8,,,Horas,0.2675,2.14
013819,,,O2.2,5,PISTOLA DE CALEFATEO,,,2,0.4,,,Horas,0.0625,0.5
014413,,,O2.2,5,REMACHADORA MANUAL,,,1,0.2,,,Horas,0.0625,0.5
004757,,,O2.2,5,CUERPO DE ANDAMIO,,,2,0.4,,,Horas,0.1875,1.5
004755,,,O2.2,5,ESCALERA TIPO TIJERA,,,2,0.4,,,Horas,0.5,4
,,,,,,,,,,,,,,
,,,,,,,,,,,,,,
,,,,,,,,,,,,,,
,,,,,,,,,,,,,,
,,,,,,,,,,,,,,
,,,,,,,,,,,,,,
,,,,,,,,,,,,,,
,,,,,,,,,,,,,,
,,,,,,,,,,,,,,
,,,,,,,,,,,,,,
,,,,,,,,,,,,,,
,,,,,,,,,,,,,,
,,,,,,,,,,,,,,
,,,,,,,,,,,,,,
,,,,,,,,,,,,,,
,,,,,,,,,,,,,,
,,,,,,,,,,,,,,
,,,,,,,,,,,,,,
,,,,,,,,,,,,,,
,,,,,,,,,,,,,,
,,,,,,,,,,,,,,
,,,,,,,,,,,,,,
,,,,,,,,,,,,,,
,,,,,,,,,,,,,,
,,,,,,,,,,,,,,
,,,,,,,,,,,,,,
,,,,,,,,,,,,,,
,,,,,,,,,,,,,,
,,,,,,,,,,,,,,
,,,,,,,,,,,,,,
,,,,,,,,,,,,,,
,,,,,,,,,,,,,,
,,,,,,,,,,,,,,
,,,,,,,,,,,,,,
,,,,,,,,,,,,,,
,,,,,,,,,,,,,,
,,,,,,,,,,,,,,
,,,,,,,,,,,,,,
,,,,,,,,,,,,,,
,,,,,,,,,,,,,,
,,,,,,,,,,,,,,
,,,,,,,,,,,,,,
,,,,,,,,,,,,,,
,,,,,,,,,,,,,,
,,,,,,,,,,,,,,
,,,,,,,,,,,,,,
,,,,,,,,,,,,,,
,,,,,,,,,,,,,,
,,,,,,,,,,,,,,
,,,,,,,,,,,,,,
,,,,,,,,,,,,,,
,,,,,,,,,,,,,,
,,,,,,,,,,,,,,
,,,,,,,,,,,,,,
,,,,,,,,,,,,,,
,,,,,,,,,,,,,,
,,,,,,,,,,,,,,
,,,,,,,,,,,,,,
,,,,,,,,,,,,,,
,,,,,,,,,,,,,,
,,,,,,,,,,,,,,
,,,,,,,,,,,,,,
,,,,,,,,,,,,,,
,,,,,,,,,,,,,,
,,,,,,,,,,,,,,
,,,,,,,,,,,,,,
,,,,,,,,,,,,,,
,,,,,,,,,,,,,,
,,,,,,,,,,,,,,
,,,,,,,,,,,,,,
,,,,,,,,,,,,,,
,,,,,,,,,,,,,,
,,,,,,,,,,,,,,
,,,,,,,,,,,,,,
,,,,,,,,,,,,,,
,,,,,,,,,,,,,,
,,,,,,,,,,,,,,
,,,,,,,,,,,,,,
,,,,,,,,,,,,,,
,,,,,,,,,,,,,,
,,,,,,,,,,,,,,
,,,,,,,,,,,,,,
,,,,,,,,,,,,,,
,,,,,,,,,,,,,,
,,,,,,,,,,,,,,
,,,,,,,,,,,,,,
,,,,,,,,,,,,,,
,,,,,,,,,,,,,,
,,,,,,,,,,,,,,
,,,,,,,,,,,,,,
,,,,,,,,,,,,,,
,,,,,,,,,,,,,,
,,,,,,,,,,,,,,
,,,,,,,,,,,,,,
,,,,,,,,,,,,,,
,,,,,,,,,,,,,,
,,,,,,,,,,,,,,
,,,,,,,,,,,,,,
,,,,,,,,,,,,,,
,,,,,,,,,,,,,,
,,,,,,,,,,,,,,
,,,,,,,,,,,,,,
,,,,,,,,,,,,,,
,,,,,,,,,,,,,,
,,,,,,,,,,,,,,
,,,,,,,,,,,,,,
,,,,,,,,,,,,,,
,,,,,,,,,,,,,,
,,,,,,,,,,,,,,
,,,,,,,,,,,,,,
,,,,,,,,,,,,,,
,,,,,,,,,,,,,,
,,,,,,,,,,,,,,
,,,,,,,,,,,,,,
,,,,,,,,,,,,,,
,,,,,,,,,,,,,,
,,,,,,,,,,,,,,
,,,,,,,,,,,,,,
,,,,,,,,,,,,,,
,,,,,,,,,,,,,,
,,,,,,,,,,,,,,
,,,,,,,,,,,,,,
,,,,,,,,,,,,,,
,,,,,,,,,,,,,,
,,,,,,,,,,,,,,
,,,,,,,,,,,,,,
,,,,,,,,,,,,,,
,,,,,,,,,,,,,,
,,,,,,,,,,,,,,
,,,,,,,,,,,,,,
,,,,,,,,,,,,,,
,,,,,,,,,,,,,,
,,,,,,,,,,,,,,
,,,,,,,,,,,,,,
,,,,,,,,,,,,,,
,,,,,,,,,,,,,,
,,,,,,,,,,,,,,
,,,,,,,,,,,,,,
,,,,,,,,,,,,,,
,,,,,,,,,,,,,,
,,,,,,,,,,,,,,
,,,,,,,,,,,,,,
,,,,,,,,,,,,,,
,,,,,,,,,,,,,,
,,,,,,,,,,,,,,
,,,,,,,,,,,,,,
,,,,,,,,,,,,,,
,,,,,,,,,,,,,,
,,,,,,,,,,,,,,
,,,,,,,,,,,,,,
,,,,,,,,,,,,,,
,,,,,,,,,,,,,,
,,,,,,,,,,,,,,
,,,,,,,,,,,,,,
,,,,,,,,,,,,,,
,,,,,,,,,,,,,,
,,,,,,,,,,,,,,
,,,,,,,,,,,,,,
,,,,,,,,,,,,,,
,,,,,,,,,,,,,,
,,,,,,,,,,,,,,
,,,,,,,,,,,,,,
,,,,,,,,,,,,,,
,,,,,,,,,,,,,,
,,,,,,,,,,,,,,
,,,,,,,,,,,,,,
,,,,,,,,,,,,,,
,,,,,,,,,,,,,,
,,,,,,,,,,,,,,
,,,,,,,,,,,,,,
,,,,,,,,,,,,,,
,,,,,,,,,,,,,,
,,,,,,,,,,,,,,
,,,,,,,,,,,,,,
,,,,,,,,,,,,,,
,,,,,,,,,,,,,,
,,,,,,,,,,,,,,
,,,,,,,,,,,,,,
,,,,,,,,,,,,,,
,,,,,,,,,,,,,,
,,,,,,,,,,,,,,
,,,,,,,,,,,,,,
,,,,,,,,,,,,,,
,,,,,,,,,,,,,,
,,,,,,,,,,,,,,
,,,,,,,,,,,,,,
,,,,,,,,,,,,,,
,,,,,,,,,,,,,,
,,,,,,,,,,,,,,
,,,,,,,,,,,,,,
,,,,,,,,,,,,,,
,,,,,,,,,,,,,,
,,,,,,,,,,,,,,
,,,,,,,,,,,,,,
,,,,,,,,,,,,,,
,,,,,,,,,,,,,,
,,,,,,,,,,,,,,
,,,,,,,,,,,,,,
,,,,,,,,,,,,,,
,,,,,,,,,,,,,,
,,,,,,,,,,,,,,
,,,,,,,,,,,,,,
,,,,,,,,,,,,,,
,,,,,,,,,,,,,,
,,,,,,,,,,,,,,
,,,,,,,,,,,,,,
,,,,,,,,,,,,,,
,,,,,,,,,,,,,,
,,,,,,,,,,,,,,
,,,,,,,,,,,,,,
,,,,,,,,,,,,,,
,,,,,,,,,,,,,,
,,,,,,,,,,,,,,
,,,,,,,,,,,,,,
,,,,,,,,,,,,,,
,,,,,,,,,,,,,,
,,,,,,,,,,,,,,
,,,,,,,,,,,,,,
,,,,,,,,,,,,,,
,,,,,,,,,,,,,,
,,,,,,,,,,,,,,
,,,,,,,,,,,,,,
,,,,,,,,,,,,,,
,,,,,,,,,,,,,,
,,,,,,,,,,,,,,
,,,,,,,,,,,,,,
,,,,,,,,,,,,,,
,,,,,,,,,,,,,,
,,,,,,,,,,,,,,
,,,,,,,,,,,,,,
,,,,,,,,,,,,,,
,,,,,,,,,,,,,,
,,,,,,,,,,,,,,
,,,,,,,,,,,,,,
,,,,,,,,,,,,,,
,,,,,,,,,,,,,,
,,,,,,,,,,,,,,
,,,,,,,,,,,,,,
,,,,,,,,,,,,,,
,,,,,,,,,,,,,,
,,,,,,,,,,,,,,
,,,,,,,,,,,,,,
,,,,,,,,,,,,,,
,,,,,,,,,,,,,,
,,,,,,,,,,,,,,
,,,,,,,,,,,,,,
,,,,,,,,,,,,,,
,,,,,,,,,,,,,,
,,,,,,,,,,,,,,
,,,,,,,,,,,,,,
,,,,,,,,,,,,,,
,,,,,,,,,,,,,,
,,,,,,,,,,,,,,
,,,,,,,,,,,,,,
,,,,,,,,,,,,,,
,,,,,,,,,,,,,,
,,,,,,,,,,,,,,
,,,,,,,,,,,,,,
,,,,,,,,,,,,,,
,,,,,,,,,,,,,,
,,,,,,,,,,,,,,
,,,,,,,,,,,,,,
,,,,,,,,,,,,,,
,,,,,,,,,,,,,,
,,,,,,,,,,,,,,
,,,,,,,,,,,,,,
,,,,,,,,,,,,,,
,,,,,,,,,,,,,,
,,,,,,,,,,,,,,
,,,,,,,,,,,,,,
,,,,,,,,,,,,,,
,,,,,,,,,,,,,,
,,,,,,,,,,,,,,
,,,,,,,,,,,,,,
,,,,,,,,,,,,,,
,,,,,,,,,,,,,,
,,,,,,,,,,,,,,
,,,,,,,,,,,,,,
,,,,,,,,,,,,,,
,,,,,,,,,,,,,,
,,,,,,,,,,,,,,
,,,,,,,,,,,,,,
,,,,,,,,,,,,,,
,,,,,,,,,,,,,,
,,,,,,,,,,,,,,
,,,,,,,,,,,,,,
,,,,,,,,,,,,,,
,,,,,,,,,,,,,,
,,,,,,,,,,,,,,
,,,,,,,,,,,,,,
,,,,,,,,,,,,,,
,,,,,,,,,,,,,,
,,,,,,,,,,,,,,
,,,,,,,,,,,,,,
,,,,,,,,,,,,,,
,,,,,,,,,,,,,,
,,,,,,,,,,,,,,
,,,,,,,,,,,,,,
,,,,,,,,,,,,,,
,,,,,,,,,,,,,,
,,,,,,,,,,,,,,
,,,,,,,,,,,,,,
,,,,,,,,,,,,,,
,,,,,,,,,,,,,,
,,,,,,,,,,,,,,
,,,,,,,,,,,,,,
,,,,,,,,,,,,,,
,,,,,,,,,,,,,,
,,,,,,,,,,,,,,
,,,,,,,,,,,,,,
,,,,,,,,,,,,,,
,,,,,,,,,,,,,,
,,,,,,,,,,,,,,
,,,,,,,,,,,,,,
,,,,,,,,,,,,,,
,,,,,,,,,,,,,,
,,,,,,,,,,,,,,
,,,,,,,,,,,,,,
,,,,,,,,,,,,,,
,,,,,,,,,,,,,,
,,,,,,,,,,,,,,
,,,,,,,,,,,,,,
,,,,,,,,,,,,,,
,,,,,,,,,,,,,,
,,,,,,,,,,,,,,
,,,,,,,,,,,,,,
,,,,,,,,,,,,,,
,,,,,,,,,,,,,,
,,,,,,,,,,,,,,
,,,,,,,,,,,,,,
,,,,,,,,,,,,,,
,,,,,,,,,,,,,,
,,,,,,,,,,,,,,
,,,,,,,,,,,,,,
,,,,,,,,,,,,,,
,,,,,,,,,,,,,,
,,,,,,,,,,,,,,
,,,,,,,,,,,,,,
,,,,,,,,,,,,,,
,,,,,,,,,,,,,,
,,,,,,,,,,,,,,
,,,,,,,,,,,,,,
,,,,,,,,,,,,,,
,,,,,,,,,,,,,,
,,,,,,,,,,,,,,
,,,,,,,,,,,,,,
,,,,,,,,,,,,,,
,,,,,,,,,,,,,,
,,,,,,,,,,,,,,
,,,,,,,,,,,,,,
,,,,,,,,,,,,,,
,,,,,,,,,,,,,,
,,,,,,,,,,,,,,
,,,,,,,,,,,,,,
,,,,,,,,,,,,,,
,,,,,,,,,,,,,,
,,,,,,,,,,,,,,
,,,,,,,,,,,,,,
,,,,,,,,,,,,,,
,,,,,,,,,,,,,,
,,,,,,,,,,,,,,
,,,,,,,,,,,,,,
,,,,,,,,,,,,,,
,,,,,,,,,,,,,,
,,,,,,,,,,,,,,
,,,,,,,,,,,,,,
,,,,,,,,,,,,,,
,,,,,,,,,,,,,,
,,,,,,,,,,,,,,
,,,,,,,,,,,,,,
,,,,,,,,,,,,,,
,,,,,,,,,,,,,,
,,,,,,,,,,,,,,
,,,,,,,,,,,,,,
,,,,,,,,,,,,,,
,,,,,,,,,,,,,,
,,,,,,,,,,,,,,
,,,,,,,,,,,,,,
,,,,,,,,,,,,,,
,,,,,,,,,,,,,,
,,,,,,,,,,,,,,
,,,,,,,,,,,,,,
,,,,,,,,,,,,,,
,,,,,,,,,,,,,,
,,,,,,,,,,,,,,
,,,,,,,,,,,,,,
,,,,,,,,,,,,,,
,,,,,,,,,,,,,,
,,,,,,,,,,,,,,
,,,,,,,,,,,,,,
,,,,,,,,,,,,,,
,,,,,,,,,,,,,,
,,,,,,,,,,,,,,
,,,,,,,,,,,,,,
,,,,,,,,,,,,,,
,,,,,,,,,,,,,,
,,,,,,,,,,,,,,
,,,,,,,,,,,,,,
,,,,,,,,,,,,,,
,,,,,,,,,,,,,,
,,,,,,,,,,,,,,
,,,,,,,,,,,,,,
,,,,,,,,,,,,,,
,,,,,,,,,,,,,,
,,,,,,,,,,,,,,
,,,,,,,,,,,,,,
,,,,,,,,,,,,,,
,,,,,,,,,,,,,,
,,,,,,,,,,,,,,
,,,,,,,,,,,,,,
,,,,,,,,,,,,,,
,,,,,,,,,,,,,,
,,,,,,,,,,,,,,
,,,,,,,,,,,,,,
,,,,,,,,,,,,,,
,,,,,,,,,,,,,,
,,,,,,,,,,,,,,
,,,,,,,,,,,,,,
,,,,,,,,,,,,,,
,,,,,,,,,,,,,,
,,,,,,,,,,,,,,
,,,,,,,,,,,,,,
,,,,,,,,,,,,,,
,,,,,,,,,,,,,,
,,,,,,,,,,,,,,
,,,,,,,,,,,,,,
,,,,,,,,,,,,,,
,,,,,,,,,,,,,,
,,,,,,,,,,,,,,
,,,,,,,,,,,,,,
,,,,,,,,,,,,,,
,,,,,,,,,,,,,,
,,,,,,,,,,,,,,
,,,,,,,,,,,,,,
,,,,,,,,,,,,,,
,,,,,,,,,,,,,,
,,,,,,,,,,,,,,
,,,,,,,,,,,,,,
,,,,,,,,,,,,,,
,,,,,,,,,,,,,,
,,,,,,,,,,,,,,
,,,,,,,,,,,,,,
,,,,,,,,,,,,,,
,,,,,,,,,,,,,,
,,,,,,,,,,,,,,
,,,,,,,,,,,,,,
,,,,,,,,,,,,,,
,,,,,,,,,,,,,,
,,,,,,,,,,,,,,
,,,,,,,,,,,,,,
,,,,,,,,,,,,,,
,,,,,,,,,,,,,,
,,,,,,,,,,,,,,
,,,,,,,,,,,,,,
,,,,,,,,,,,,,,
,,,,,,,,,,,,,,
,,,,,,,,,,,,,,
,,,,,,,,,,,,,,
,,,,,,,,,,,,,,
,,,,,,,,,,,,,,
,,,,,,,,,,,,,,
,,,,,,,,,,,,,,
,,,,,,,,,,,,,,
,,,,,,,,,,,,,,
,,,,,,,,,,,,,,
,,,,,,,,,,,,,,
,,,,,,,,,,,,,,
,,,,,,,,,,,,,,
,,,,,,,,,,,,,,
,,,,,,,,,,,,,,
,,,,,,,,,,,,,,
,,,,,,,,,,,,,,
,,,,,,,,,,,,,,
,,,,,,,,,,,,,,
,,,,,,,,,,,,,,
,,,,,,,,,,,,,,
,,,,,,,,,,,,,,
,,,,,,,,,,,,,,
,,,,,,,,,,,,,,
,,,,,,,,,,,,,,
,,,,,,,,,,,,,,
,,,,,,,,,,,,,,
,,,,,,,,,,,,,,
,,,,,,,,,,,,,,
,,,,,,,,,,,,,,
,,,,,,,,,,,,,,
,,,,,,,,,,,,,,
,,,,,,,,,,,,,,
,,,,,,,,,,,,,,
,,,,,,,,,,,,,,
,,,,,,,,,,,,,,
,,,,,,,,,,,,,,
,,,,,,,,,,,,,,
,,,,,,,,,,,,,,
,,,,,,,,,,,,,,
,,,,,,,,,,,,,,
,,,,,,,,,,,,,,
,,,,,,,,,,,,,,
,,,,,,,,,,,,,,
,,,,,,,,,,,,,,
,,,,,,,,,,,,,,
,,,,,,,,,,,,,,
,,,,,,,,,,,,,,
,,,,,,,,,,,,,,
,,,,,,,,,,,,,,
,,,,,,,,,,,,,,
,,,,,,,,,,,,,,
,,,,,,,,,,,,,,
,,,,,,,,,,,,,,
,,,,,,,,,,,,,,
,,,,,,,,,,,,,,
,,,,,,,,,,,,,,
,,,,,,,,,,,,,,
,,,,,,,,,,,,,,
,,,,,,,,,,,,,,
,,,,,,,,,,,,,,
,,,,,,,,,,,,,,
,,,,,,,,,,,,,,
,,,,,,,,,,,,,,
,,,,,,,,,,,,,,
,,,,,,,,,,,,,,
,,,,,,,,,,,,,,
,,,,,,,,,,,,,,
,,,,,,,,,,,,,,
,,,,,,,,,,,,,,
,,,,,,,,,,,,,,
,,,,,,,,,,,,,,
,,,,,,,,,,,,,,
,,,,,,,,,,,,,,
,,,,,,,,,,,,,,
,,,,,,,,,,,,,,
,,,,,,,,,,,,,,
,,,,,,,,,,,,,,
,,,,,,,,,,,,,,
,,,,,,,,,,,,,,
,,,,,,,,,,,,,,
,,,,,,,,,,,,,,
,,,,,,,,,,,,,,
,,,,,,,,,,,,,,
,,,,,,,,,,,,,,
,,,,,,,,,,,,,,
,,,,,,,,,,,,,,
,,,,,,,,,,,,,,
,,,,,,,,,,,,,,
,,,,,,,,,,,,,,
,,,,,,,,,,,,,,
,,,,,,,,,,,,,,
,,,,,,,,,,,,,,
,,,,,,,,,,,,,,
,,,,,,,,,,,,,,
,,,,,,,,,,,,,,
,,,,,,,,,,,,,,
,,,,,,,,,,,,,,
,,,,,,,,,,,,,,
,,,,,,,,,,,,,,
,,,,,,,,,,,,,,
,,,,,,,,,,,,,,
,,,,,,,,,,,,,,
,,,,,,,,,,,,,,
,,,,,,,,,,,,,,
